age,sex,race,sibs,paeduc,maeduc,family16,fund16,incom16,relig16,mawrkgrw,othlang,born,parborn,granborn,zodiac,degree
43,1,1,4,12,12,1,1,2,1,1,1,1,0,0,6,0
74,0,1,4,0,8,1,2,1,2,1,2,1,1,4,11,0
42,1,1,2,12,16,2,2,4,2,1,2,1,2,2,1,1
63,0,1,3,16,12,1,2,4,2,2,2,1,0,0,1,1
71,1,2,3,12,12,1,2,2,2,1,2,1,2,2,4,1
67,0,1,1,12,12,1,2,3,2,1,2,1,0,0,8,1
59,0,2,7,12,6,5,1,3,1,1,1,1,0,2,5,0
43,1,1,2,12,12,5,2,1,2,1,2,1,0,0,12,0
62,0,1,4,12,12,0,3,1,1,1,2,1,0,0,5,0
55,1,1,2,6,20,1,2,3,1,1,2,1,0,2,8,0
59,1,1,3,12,12,1,2,4,2,1,1,1,0,0,3,1
34,0,3,2,12,14,5,2,3,1,1,2,1,1,2,4,0
61,0,1,9,12,12,3,2,4,2,1,2,1,0,0,5,0
44,1,2,6,16,12,1,1,1,1,1,1,2,8,4,9,1
41,0,2,4,15,16,1,2,2,2,1,2,1,1,0,2,0
75,0,1,1,12,12,1,2,3,2,1,2,1,0,4,10,0
55,0,1,1,14,13,1,2,2,2,1,1,1,0,0,9,1
30,0,1,3,16,16,1,2,2,9,2,1,2,8,4,11,1
40,0,1,1,15,19,1,2,4,1,1,2,1,0,1,8,1
30,1,1,1,16,16,1,2,2,2,1,1,2,8,4,8,1
34,0,1,3,12,17,7,3,2,10,1,1,2,8,4,12,0
29,0,3,6,12,12,3,1,3,1,1,1,1,2,3,4,0
40,0,1,4,16,16,2,2,4,2,1,1,1,0,0,12,0
37,1,1,0,18,18,1,3,3,4,1,1,1,2,3,9,0
56,0,1,11,16,16,3,1,3,1,1,2,1,0,4,2,1
82,1,1,1,8,8,1,2,3,2,2,1,2,8,4,5,0
68,0,1,1,12,12,1,2,3,2,1,2,1,0,3,7,0
42,0,2,8,0,10,1,1,3,1,1,2,1,0,0,3,0
40,0,1,2,12,12,1,2,1,2,1,2,1,0,4,7,0
74,0,1,1,12,12,1,2,2,2,1,2,1,0,2,1,0
89,1,1,6,19,12,1,2,4,2,2,2,1,0,3,1,0
60,0,1,1,12,12,1,2,3,1,1,2,1,0,3,9,1
56,0,1,4,12,16,5,2,2,2,1,2,1,0,0,12,1
55,0,1,8,9,8,1,2,3,2,2,1,2,8,4,5,0
65,1,1,4,12,12,1,3,3,3,1,1,1,0,3,3,1
71,0,1,1,14,12,1,3,2,3,2,2,1,1,4,2,1
34,1,1,3,16,18,1,2,2,2,1,2,1,0,0,7,1
45,1,1,5,12,8,1,3,1,1,1,1,1,0,0,1,1
50,0,2,2,12,12,1,2,3,1,1,2,1,0,0,5,0
65,0,1,8,12,12,1,2,3,2,1,1,1,0,1,8,0
52,1,1,1,12,10,5,2,5,2,2,2,1,0,0,7,0
62,0,1,4,12,12,1,2,3,2,1,2,1,0,0,4,0
60,1,3,1,20,16,1,2,4,5,1,1,2,8,4,8,1
62,0,1,3,12,8,5,2,3,9,1,2,2,8,4,3,1
46,0,1,5,11,6,1,2,3,2,2,2,2,8,4,3,0
40,1,1,3,16,16,1,2,4,2,1,1,1,8,4,11,1
53,0,1,1,12,14,5,2,2,2,1,1,2,8,4,8,1
75,1,1,2,19,15,1,3,4,1,2,2,1,0,0,1,1
67,0,1,2,12,18,5,3,4,1,1,2,1,0,2,11,1
22,1,1,2,16,12,1,2,3,2,1,2,1,1,4,3,0
42,0,1,2,3,6,1,1,3,1,1,1,2,8,4,7,0
59,0,1,1,18,17,1,3,1,3,1,1,2,8,4,2,1
33,0,3,1,16,16,1,2,3,7,1,1,2,8,4,2,1
46,1,1,2,17,17,1,3,3,4,1,1,2,8,4,11,1
55,1,1,1,7,7,1,2,2,2,1,1,1,8,4,7,1
43,0,1,3,8,8,1,2,4,2,2,1,1,8,4,10,1
45,0,2,10,12,12,0,3,3,1,2,1,1,0,0,9,0
23,1,1,3,12,12,1,2,3,2,1,1,1,8,4,10,0
28,0,2,5,12,12,7,2,2,1,1,2,1,0,0,3,0
27,0,2,10,12,12,8,2,2,1,1,1,1,0,0,4,0
42,0,2,4,12,11,8,1,3,1,2,2,1,1,2,8,0
41,0,2,2,12,12,1,1,3,1,2,1,1,0,0,3,1
64,0,2,8,8,8,1,1,2,1,2,2,2,8,4,12,0
53,1,2,7,12,12,1,3,3,4,2,1,1,0,0,5,0
79,1,2,6,6,8,3,1,2,1,1,2,2,8,4,5,1
34,1,1,8,12,16,5,1,2,1,1,2,1,8,4,3,0
59,0,2,3,12,12,5,1,3,1,1,2,1,0,0,12,0
32,0,2,1,16,16,1,1,4,1,1,2,1,8,4,6,1
33,0,2,1,12,12,5,1,2,1,1,2,1,0,0,11,1
35,1,1,5,12,14,7,1,5,1,1,1,1,0,4,8,0
37,1,2,1,20,20,1,2,3,1,1,1,2,8,4,2,0
28,0,3,2,12,14,5,2,3,2,1,1,2,8,4,7,1
42,0,1,2,12,16,1,2,2,2,1,2,1,1,2,9,1
21,1,1,3,18,14,1,2,3,2,1,2,1,0,1,11,0
33,0,2,2,12,12,5,2,1,2,1,1,1,8,4,3,0
37,0,1,3,14,12,1,2,3,2,1,2,1,0,1,9,1
89,0,1,10,12,12,1,2,1,2,2,2,1,8,4,12,0
47,0,3,6,12,12,4,2,3,1,1,2,1,0,2,3,0
63,0,3,2,12,12,1,2,3,1,1,1,1,8,4,5,0
71,0,2,10,8,8,1,3,2,1,2,2,1,8,4,5,1
42,0,2,1,14,12,1,2,3,11,1,2,1,0,0,5,0
37,0,3,7,12,5,5,2,1,2,1,1,1,8,4,5,0
40,0,1,1,14,12,8,2,3,2,1,2,1,0,0,10,0
70,1,1,5,12,6,5,2,2,2,1,1,2,8,4,5,0
28,1,2,2,0,12,1,2,2,2,1,2,1,0,0,5,1
53,0,3,6,0,6,1,2,1,2,1,1,2,8,4,5,0
46,1,1,0,12,14,5,3,4,4,1,1,1,3,0,3,0
55,1,1,2,18,16,1,2,4,2,1,2,1,0,2,7,1
28,1,3,2,17,16,1,2,3,9,1,1,1,8,4,6,1
42,1,1,2,16,16,1,2,4,2,2,2,1,0,0,12,1
77,0,1,1,14,9,1,3,4,1,1,2,1,0,0,10,1
29,1,3,2,16,16,1,2,4,7,2,1,1,8,4,1,1
62,0,2,6,12,12,1,1,3,1,2,2,2,8,4,11,0
30,0,2,2,12,12,5,2,3,2,1,1,1,8,4,11,1
22,1,2,2,10,14,1,1,4,1,1,2,1,0,0,3,0
69,0,2,4,11,10,1,1,2,1,1,2,1,0,0,7,0
45,1,2,2,16,20,1,2,3,2,1,1,1,8,4,9,1
32,0,3,6,14,5,1,2,2,9,2,1,2,8,4,11,0
60,0,1,1,12,12,1,3,3,10,1,1,2,8,4,11,0
48,1,3,1,12,12,1,2,3,2,1,2,1,0,0,6,0
81,0,3,4,6,5,1,2,2,7,2,1,2,8,0,9,0
50,1,3,1,12,12,1,2,4,2,2,1,1,0,0,10,1
78,0,1,1,8,12,1,2,3,2,1,1,1,0,4,4,0
56,1,1,1,10,11,1,3,2,3,1,2,1,0,3,12,1
60,1,1,4,12,9,1,2,2,2,1,2,1,1,2,12,0
23,1,1,1,14,15,1,2,4,2,1,2,1,0,0,3,0
67,0,1,3,12,12,1,2,2,2,2,2,1,0,2,2,0
54,0,1,3,14,12,1,2,4,2,1,2,1,0,4,12,1
62,0,1,3,14,13,1,2,3,2,1,2,1,0,2,3,0
55,0,1,5,8,10,1,2,2,1,1,2,1,0,2,8,0
56,0,1,2,12,12,3,2,3,2,1,1,1,8,4,3,0
58,1,1,1,12,15,5,3,4,4,1,2,1,0,0,2,0
74,0,1,1,12,12,1,2,4,2,1,1,2,8,4,1,0
70,1,1,1,12,16,1,1,3,1,1,1,1,0,0,8,1
35,1,1,1,12,13,1,2,3,2,1,2,1,0,3,1,1
65,1,2,1,12,12,7,1,2,1,1,2,1,0,0,12,0
42,0,1,6,12,12,3,3,2,1,1,1,1,0,0,3,0
48,0,1,0,12,12,5,2,2,2,1,2,1,0,3,4,0
32,1,1,5,12,18,5,2,3,2,1,2,1,0,0,5,0
56,0,1,2,10,12,1,2,3,2,1,2,1,0,0,6,0
61,0,1,3,12,9,1,2,2,2,2,2,1,0,0,10,0
76,0,1,1,8,12,1,3,2,1,1,2,1,0,0,4,1
59,0,1,2,16,16,1,2,4,1,1,2,1,0,0,1,1
69,1,1,2,10,12,1,2,3,1,2,1,1,2,2,10,1
48,1,3,1,14,12,1,3,2,4,1,2,1,0,1,9,1
68,0,1,2,12,16,5,3,2,3,1,1,1,8,4,9,1
39,0,1,2,16,16,1,2,3,1,1,2,1,0,0,12,1
38,1,1,1,12,18,5,2,3,2,1,1,2,8,4,10,1
39,0,1,1,18,16,1,3,4,3,1,2,1,1,2,8,1
52,0,1,4,0,6,1,2,3,2,2,2,2,8,4,11,0
41,0,1,1,16,14,1,2,4,9,1,1,2,8,4,1,1
60,1,1,2,14,12,1,3,3,4,2,2,2,0,0,3,1
69,1,1,2,16,16,1,3,4,1,1,1,1,0,0,1,0
60,1,1,1,12,12,5,3,2,1,1,2,2,8,4,5,0
22,0,3,2,4,12,1,2,3,2,1,1,1,8,4,8,0
33,1,3,2,13,14,1,2,3,2,1,1,1,0,4,6,0
35,0,3,1,12,12,1,3,2,4,1,1,2,8,4,5,1
38,0,1,6,3,0,1,2,3,2,2,2,2,8,4,4,0
25,0,1,4,0,0,8,2,3,2,1,1,1,8,2,12,0
55,1,1,3,7,12,1,3,3,4,1,2,1,0,0,2,0
34,1,1,3,16,12,3,3,4,4,1,2,1,0,3,1,0
49,1,3,7,12,12,5,2,2,2,1,2,1,0,0,6,0
56,1,3,6,10,8,1,1,3,1,1,1,1,0,2,9,0
34,1,2,5,12,16,7,2,1,1,1,2,1,0,0,12,0
26,0,2,1,11,12,1,2,2,2,1,1,1,2,2,3,1
28,1,1,3,14,12,1,2,4,1,1,2,1,8,4,5,0
59,0,1,3,6,17,1,2,2,2,1,1,1,8,4,5,1
39,0,2,3,12,12,1,2,3,1,1,2,1,8,4,11,1
77,0,2,9,6,6,1,1,3,1,1,2,1,0,0,1,0
35,0,2,3,14,12,1,1,3,1,1,2,1,0,0,1,0
46,0,3,1,12,16,1,2,1,2,2,1,2,8,4,7,1
57,1,3,8,0,0,1,2,5,2,1,1,2,8,4,9,0
35,0,3,13,12,6,5,2,3,2,1,2,2,8,4,4,0
58,0,1,7,0,3,0,2,3,2,2,1,2,8,4,2,0
48,0,3,8,6,6,1,2,2,2,1,2,2,8,4,12,0
51,0,1,10,12,2,1,2,1,2,1,2,2,8,4,4,0
41,0,3,3,12,12,5,2,2,2,1,1,1,8,4,3,0
51,0,3,4,14,6,1,2,3,2,2,2,2,8,4,2,0
41,0,1,9,0,6,1,2,2,2,2,2,2,8,4,3,0
71,0,1,2,12,12,1,3,3,4,1,2,1,0,0,2,0
43,1,1,4,0,0,1,3,2,4,2,2,2,8,4,10,0
53,1,3,1,16,5,1,2,3,2,2,1,2,8,4,11,1
46,1,1,1,16,14,1,2,3,2,1,1,2,8,4,3,0
36,1,1,2,12,12,5,2,2,2,1,1,1,8,4,9,0
65,1,3,5,12,0,1,2,5,2,2,1,2,8,4,11,0
60,0,1,1,13,14,1,2,3,2,1,2,1,2,2,5,0
63,0,1,2,13,12,1,3,3,3,1,2,1,0,4,6,1
36,1,1,1,14,14,1,3,4,3,1,2,1,0,0,3,1
40,0,3,1,20,12,1,3,3,4,1,1,2,8,4,8,1
42,0,1,1,20,12,1,3,4,3,2,1,1,0,0,5,1
61,1,1,5,12,13,1,2,1,1,2,1,1,0,4,10,0
27,1,3,2,16,16,1,3,4,4,1,1,1,8,4,5,1
52,1,1,5,12,11,1,2,4,2,1,2,1,0,2,8,0
36,0,2,10,12,12,1,2,3,2,1,1,1,0,0,5,0
74,0,1,3,12,12,5,2,3,2,1,1,2,8,4,6,0
36,1,1,3,15,12,1,1,3,1,2,1,1,0,0,5,1
34,1,1,1,18,18,1,2,4,1,1,2,1,0,2,8,1
46,1,3,1,12,0,1,2,3,6,2,1,2,8,4,4,1
21,0,1,1,16,15,1,3,4,1,1,1,1,0,1,11,0
72,0,1,6,12,9,5,2,1,2,1,1,1,1,4,3,0
46,1,3,5,14,16,8,2,3,2,1,1,2,8,4,12,1
21,0,1,1,12,16,1,3,3,4,1,1,1,8,4,11,0
46,1,3,1,13,12,1,2,3,2,1,2,1,0,1,12,0
53,1,3,4,12,12,1,2,3,2,1,1,1,2,2,7,0
74,0,1,1,12,9,5,1,1,1,1,2,1,0,0,3,1
70,1,1,5,6,6,1,2,2,2,2,1,2,8,4,3,0
36,0,3,1,12,13,1,1,3,1,1,1,1,0,3,3,1
57,1,1,6,12,12,1,2,4,2,1,1,1,0,0,6,0
60,1,1,2,18,16,1,1,4,1,1,2,1,0,0,12,1
53,0,3,5,0,3,1,2,1,2,2,1,2,8,4,1,0
69,1,1,15,6,6,1,2,3,2,1,1,2,8,4,9,0
38,0,1,1,12,16,5,3,2,4,1,1,2,8,4,7,1
48,0,1,4,16,12,3,3,3,4,1,2,1,0,1,6,0
30,1,3,1,19,16,1,2,4,2,1,2,1,8,4,8,1
29,1,1,5,12,9,5,2,1,2,2,1,1,0,3,5,0
68,0,1,1,12,12,1,3,3,3,1,2,1,0,2,10,1
64,0,1,3,16,12,1,3,4,1,1,2,1,0,0,12,0
43,1,3,1,9,9,1,3,1,4,1,1,2,8,4,9,1
69,0,1,4,12,12,1,2,2,2,2,2,1,0,0,9,0
47,1,1,3,16,12,2,2,3,2,1,2,1,0,2,12,0
57,1,1,5,12,12,0,2,4,2,1,2,1,0,0,7,0
50,1,1,1,12,12,5,2,1,2,1,2,1,0,0,4,1
25,0,3,1,11,12,1,2,3,2,1,1,1,2,2,9,0
75,1,1,2,12,12,5,1,3,1,1,2,1,0,0,11,0
46,1,1,1,12,12,4,2,1,2,1,1,1,1,2,8,0
77,0,1,2,12,12,1,2,4,2,1,1,1,0,4,5,0
62,0,1,5,12,12,1,3,2,1,1,2,1,0,1,5,0
30,0,1,5,12,12,1,2,3,2,1,1,2,8,4,2,0
70,0,3,9,0,10,1,2,2,2,2,1,1,0,4,5,0
50,1,1,8,2,4,1,2,2,1,2,2,2,8,4,8,0
44,0,3,5,12,0,1,2,4,2,1,1,1,8,4,3,0
33,0,1,3,6,6,1,2,3,2,1,1,2,8,4,6,0
34,0,1,2,12,13,1,2,3,2,1,2,1,2,2,9,1
46,0,1,3,8,12,1,2,3,2,2,1,1,0,0,1,1
51,1,1,7,0,0,8,2,2,2,2,1,2,8,4,4,0
28,1,2,2,14,12,4,2,3,1,1,2,1,0,0,4,0
74,1,3,4,6,12,1,2,1,2,2,1,1,1,0,1,1
29,0,1,2,12,14,5,2,1,2,2,2,1,0,0,9,0
49,1,3,6,5,5,0,2,3,2,1,1,2,8,4,4,0
28,0,1,2,14,20,1,3,2,1,1,2,1,0,1,3,1
48,0,1,4,10,12,8,2,2,2,2,2,1,0,0,2,0
24,0,1,3,4,12,3,2,4,1,1,1,1,0,4,3,0
51,0,3,7,12,8,5,2,2,6,1,1,2,8,4,3,0
42,0,1,4,12,12,1,2,3,1,1,2,1,0,0,10,1
44,1,2,5,20,16,1,2,3,2,1,1,2,8,4,5,1
33,0,1,3,12,14,5,1,4,1,2,2,1,0,0,1,0
29,1,1,5,12,16,3,2,3,1,1,2,1,1,2,9,0
48,0,1,1,16,14,1,3,3,1,1,1,1,0,0,7,1
62,0,1,7,12,6,3,2,2,2,2,2,1,0,4,12,0
88,0,1,4,10,17,2,2,3,11,1,2,1,0,0,6,0
65,1,1,3,14,14,1,3,3,1,2,2,1,0,2,10,1
28,0,1,1,12,14,5,2,2,2,1,2,1,0,0,6,0
58,0,1,7,12,14,1,3,3,1,1,2,1,0,0,11,0
26,1,1,3,9,12,1,2,3,2,2,1,1,8,4,12,0
61,0,1,5,12,13,1,2,3,2,1,2,1,0,0,4,0
30,0,1,4,12,4,5,2,4,2,1,1,1,8,4,5,0
22,0,1,0,20,12,6,3,1,4,1,1,1,0,2,6,0
24,0,3,2,12,12,1,2,3,2,1,1,1,8,4,9,0
29,1,3,4,12,5,5,2,3,2,1,1,1,8,4,6,0
70,1,1,2,7,14,1,1,3,1,2,2,1,0,0,11,0
34,1,1,1,12,10,5,2,1,2,1,2,1,0,0,5,1
66,1,1,1,14,12,1,3,3,3,2,1,1,0,4,3,0
84,0,1,7,12,12,1,3,2,1,1,2,1,0,2,1,0
37,1,1,2,16,16,1,3,2,3,1,2,1,1,2,4,1
61,0,1,4,12,12,1,1,3,1,1,1,1,0,0,9,0
58,0,2,8,12,12,5,1,5,1,1,2,1,0,0,6,0
88,1,2,1,12,12,5,1,2,1,1,2,1,0,0,9,0
80,0,3,8,0,1,1,2,2,2,2,2,2,8,4,9,0
36,1,3,3,12,12,1,2,2,2,2,1,2,1,3,6,0
33,0,1,2,12,12,1,2,2,1,1,1,1,8,4,4,1
81,1,1,3,8,6,1,2,3,2,1,2,1,8,4,4,1
31,1,3,3,8,8,1,2,3,2,1,1,1,8,4,10,0
69,0,1,4,16,12,1,2,3,2,2,2,1,0,1,7,1
26,1,1,1,19,16,1,3,4,1,1,1,1,0,0,5,1
45,1,1,3,12,19,1,2,3,2,1,1,1,0,0,9,1
54,0,1,4,12,12,1,3,3,4,2,2,1,0,0,6,1
61,0,1,5,12,12,1,2,4,2,2,2,1,0,0,1,1
58,1,1,2,6,0,1,3,1,10,2,1,2,8,4,1,1
50,0,1,2,4,4,1,2,2,2,1,1,2,8,4,2,0
36,1,2,4,12,14,1,2,3,2,1,2,1,0,0,10,1
27,0,1,8,12,5,5,2,2,2,1,1,1,8,4,9,0
51,1,3,6,5,6,1,2,3,2,1,2,1,2,3,12,0
48,1,1,9,6,2,1,2,1,2,2,1,2,8,4,11,1
29,0,1,5,4,12,1,2,3,2,1,1,1,1,2,7,0
65,0,1,3,16,13,1,3,2,1,1,2,1,0,0,2,1
67,0,1,2,16,16,1,2,4,1,2,1,1,0,0,2,1
53,1,1,3,13,12,1,2,3,2,1,2,1,0,0,8,1
45,1,1,1,18,18,1,2,4,2,1,2,1,2,2,9,1
36,0,1,3,12,12,1,2,4,2,1,2,1,2,0,2,0
60,1,1,5,12,12,1,2,4,2,1,2,1,0,0,6,0
63,0,2,9,10,12,1,1,3,1,1,2,1,0,0,2,1
52,0,1,1,14,12,1,2,4,1,1,2,2,0,0,12,0
34,1,1,2,14,18,1,3,3,3,1,2,1,0,0,1,0
58,1,1,2,12,12,1,2,3,2,1,2,1,0,4,7,0
63,1,1,3,12,12,1,3,2,1,1,2,1,0,0,1,0
71,0,1,0,12,8,1,2,2,2,2,1,1,1,4,1,1
67,0,1,4,12,12,1,3,2,1,2,2,1,0,0,10,0
65,0,1,8,12,16,1,3,3,1,1,1,1,0,2,9,1
39,0,1,0,12,13,5,2,4,1,1,2,1,0,4,4,0
46,0,1,3,12,13,3,2,3,2,1,1,1,0,2,11,0
83,0,1,1,12,10,5,2,2,2,1,1,1,0,4,6,0
59,1,1,2,12,12,1,3,3,1,1,2,1,0,3,9,1
63,0,1,0,16,12,1,2,3,2,1,1,1,8,4,7,1
38,0,1,2,12,11,5,1,5,1,1,2,1,0,0,6,0
50,1,1,3,12,12,1,2,2,2,1,2,1,0,0,3,0
45,0,1,4,12,11,3,2,3,2,1,2,1,0,0,3,1
39,1,2,0,20,20,1,1,4,1,1,1,1,0,0,11,1
31,0,1,1,20,20,1,2,4,2,1,2,1,0,0,4,1
44,0,2,1,12,12,1,2,4,1,1,2,1,0,0,11,1
46,0,2,3,12,11,3,1,3,1,1,2,1,0,0,10,1
56,0,1,5,14,12,8,1,3,1,2,1,1,0,0,1,0
37,1,1,1,12,12,1,2,3,1,1,2,1,0,0,9,0
52,0,1,1,12,14,1,2,1,1,2,1,1,0,1,10,1
69,1,1,0,7,7,1,1,3,1,1,2,1,0,0,3,0
34,1,3,2,8,12,6,2,2,2,1,1,2,8,4,7,0
25,1,1,3,20,16,1,2,4,1,2,2,1,0,0,1,1
33,1,3,7,12,0,1,3,3,4,1,1,2,8,4,8,0
45,0,1,5,12,12,1,3,4,1,1,2,1,0,0,10,0
57,1,1,1,12,12,1,3,2,1,1,2,1,0,0,9,1
77,1,1,2,14,12,1,3,3,1,1,2,1,0,0,5,0
29,1,3,0,16,16,1,3,3,4,1,1,2,8,4,11,1
58,1,1,3,12,12,5,2,2,2,1,2,1,0,2,12,1
42,1,1,1,18,16,1,2,3,2,1,2,1,0,0,12,1
65,1,1,1,12,12,1,3,3,3,2,2,1,0,4,11,0
25,0,2,1,12,12,1,2,4,1,1,2,1,2,2,1,1
76,1,1,1,17,12,1,3,4,3,2,2,1,2,4,2,1
73,0,2,5,12,12,5,1,1,1,1,2,1,0,0,6,0
34,0,1,6,20,16,1,3,3,3,1,2,1,0,2,8,1
51,1,2,6,12,12,5,1,1,1,1,2,1,0,0,7,0
78,0,1,1,12,12,5,2,3,2,2,2,1,0,0,7,0
53,1,2,3,12,12,5,1,3,1,1,2,1,0,0,4,0
83,1,2,19,12,12,1,3,2,1,2,2,1,0,0,2,0
58,0,2,7,12,11,5,1,3,1,1,2,1,0,0,1,0
73,1,2,10,12,12,1,2,2,2,2,2,1,0,0,11,0
83,0,1,6,12,8,5,2,2,2,2,2,2,8,4,8,0
86,1,2,3,12,12,5,3,1,1,1,1,2,8,4,6,0
70,0,3,6,12,12,1,1,2,1,1,2,1,0,0,7,0
31,0,2,3,12,12,5,1,3,1,1,1,1,0,0,3,1
24,0,2,1,12,16,5,2,3,1,1,2,1,8,4,6,1
42,1,1,2,20,16,1,3,4,4,1,1,1,2,2,3,0
34,0,1,0,18,16,1,2,4,2,1,1,1,0,0,3,1
70,0,1,12,14,6,1,2,3,2,2,1,2,8,4,5,1
37,0,1,1,12,14,5,2,3,1,1,2,1,0,0,1,0
70,1,1,0,14,12,1,3,3,1,1,2,1,0,3,8,1
71,1,1,7,5,10,1,1,1,1,2,2,1,0,0,12,0
26,0,1,1,16,16,1,2,3,2,1,1,1,0,0,3,1
54,1,1,2,16,16,1,3,4,3,1,1,1,1,4,6,1
40,0,1,1,16,18,1,3,3,4,2,2,1,0,0,7,1
56,0,1,3,15,12,4,2,2,2,1,2,1,2,2,7,1
60,1,1,3,14,14,1,2,3,2,2,2,1,0,0,8,1
72,1,1,1,15,16,1,3,4,4,2,2,1,0,0,7,1
35,0,2,3,14,16,1,1,4,1,1,2,1,2,2,12,1
55,1,1,1,12,18,5,1,2,1,1,1,1,0,0,4,1
28,0,2,6,16,16,2,2,4,2,1,1,2,8,4,9,0
77,0,1,0,12,12,5,2,2,1,1,2,1,0,2,7,0
30,0,2,3,12,12,5,1,2,1,1,2,1,0,1,11,0
67,0,1,3,5,7,1,1,3,1,1,1,1,0,0,1,0
53,0,2,3,12,15,5,2,3,1,1,1,1,0,0,2,0
37,0,2,5,12,16,5,1,1,1,1,2,2,0,0,7,0
51,0,2,7,14,14,2,2,1,1,1,2,1,0,0,3,1
35,0,2,6,12,11,5,2,2,1,1,2,1,0,0,4,0
60,0,1,0,16,20,1,1,4,1,1,1,1,0,1,4,1
68,1,3,1,17,15,1,3,4,4,1,1,2,8,4,8,1
43,1,1,5,13,16,1,2,4,1,1,2,1,0,0,6,1
36,0,3,3,12,10,3,2,2,2,1,1,2,8,4,4,0
34,0,2,3,12,12,5,2,5,1,1,2,1,0,0,6,0
39,1,2,6,10,6,1,2,5,1,1,1,2,8,4,5,1
52,1,1,8,12,10,3,3,3,1,1,2,1,0,0,8,0
70,1,1,2,12,12,1,3,3,1,2,2,1,0,0,4,0
60,1,1,2,12,12,1,2,3,2,2,2,1,0,2,2,0
61,0,1,1,12,12,1,2,3,1,1,2,1,0,0,6,0
32,0,1,1,12,12,1,1,2,1,1,1,1,0,0,6,0
40,0,1,2,12,12,5,2,3,2,1,2,1,0,0,5,1
44,1,1,2,14,12,1,3,4,10,2,2,1,2,2,2,0
67,0,2,9,5,6,1,1,3,1,1,2,1,0,0,12,0
70,0,1,1,14,14,1,3,3,1,1,1,1,0,4,10,1
27,0,1,2,16,16,1,2,4,2,1,2,1,0,0,7,1
30,0,1,2,16,16,1,3,4,1,1,1,1,0,0,8,1
61,1,1,1,9,9,1,3,2,1,1,2,2,8,4,3,0
30,1,1,1,18,20,1,2,5,2,1,2,1,2,1,4,1
38,1,1,1,16,12,1,2,2,2,1,1,1,0,0,11,1
27,0,1,1,12,16,5,2,3,2,1,2,1,0,0,6,1
67,0,1,5,8,8,1,2,3,2,1,2,1,0,1,5,0
45,1,1,5,14,16,1,2,4,2,1,1,1,0,2,3,1
68,0,1,3,12,12,1,2,3,2,2,2,1,0,3,9,0
77,0,1,1,12,12,1,2,2,2,1,2,1,1,4,6,0
78,0,1,3,15,12,8,3,3,1,2,2,1,0,0,1,1
61,0,1,5,16,16,1,2,2,1,1,2,1,0,0,3,1
72,1,1,2,12,12,1,3,3,1,1,2,2,8,4,3,0
89,0,1,4,12,0,1,2,3,2,1,2,1,0,4,4,0
75,0,1,4,12,16,5,3,5,1,1,2,2,8,4,4,1
48,1,3,1,12,12,1,2,1,7,2,1,2,8,4,12,1
48,0,1,2,14,16,1,2,3,2,1,2,1,0,0,1,1
41,0,1,2,16,17,1,3,3,3,1,1,1,0,0,4,1
30,0,1,2,16,16,1,1,4,1,1,1,1,0,0,3,1
29,0,1,1,16,16,1,3,3,1,1,1,1,0,0,8,1
38,1,2,4,12,12,1,2,3,2,2,1,2,8,4,4,0
76,0,2,7,14,4,0,2,3,1,2,1,2,8,4,5,0
55,0,3,4,12,12,5,2,1,11,1,2,1,1,2,5,0
28,1,1,1,18,20,1,3,4,3,1,1,1,0,0,4,1
24,0,3,1,19,19,1,2,2,1,1,1,2,8,4,1,1
34,1,1,5,12,12,1,2,2,1,1,2,1,2,2,10,0
77,0,1,3,16,12,1,2,4,2,2,2,1,0,0,1,0
89,1,1,1,12,12,1,3,3,1,1,2,1,0,3,9,0
69,1,1,2,8,12,1,2,1,2,1,1,1,0,2,1,1
70,1,1,3,12,12,1,2,4,2,2,2,1,0,3,11,0
71,0,1,2,12,12,1,2,3,2,1,1,1,0,2,2,1
34,1,1,5,16,16,2,3,4,1,1,1,1,0,0,4,1
77,0,3,3,12,12,1,2,3,2,1,2,1,0,0,12,0
38,0,1,4,0,0,1,2,1,1,2,1,2,8,4,1,0
29,0,1,2,12,12,4,2,5,2,1,2,1,0,0,1,0
69,1,1,2,12,11,1,2,3,2,2,2,1,0,3,1,0
36,0,1,2,11,9,1,2,3,2,1,2,1,0,0,1,0
43,0,3,12,16,10,1,2,4,2,1,1,2,8,4,10,0
64,0,1,4,12,16,5,2,3,2,1,2,1,0,2,8,0
53,1,1,3,8,14,1,2,4,2,1,2,1,1,2,7,0
69,0,1,2,8,8,1,2,3,2,2,2,1,0,2,5,0
39,0,1,7,12,12,8,2,4,1,1,2,1,0,0,5,0
57,1,1,1,12,12,1,2,3,2,2,2,1,0,0,2,0
63,0,1,7,6,12,1,2,3,1,2,1,1,8,4,9,0
75,0,1,3,12,6,0,2,3,1,2,2,1,0,0,11,0
32,1,1,2,14,14,1,3,5,4,1,1,1,0,0,4,1
46,1,1,5,3,12,4,2,3,1,1,1,1,0,0,2,0
41,1,1,1,12,10,5,2,2,2,2,1,1,0,0,3,0
49,0,1,1,12,12,1,2,3,2,1,1,1,0,0,8,1
65,1,1,5,12,12,5,1,3,1,1,2,1,0,0,12,0
59,0,1,9,8,8,1,2,2,2,2,2,1,0,2,7,0
47,1,1,1,12,12,1,2,3,2,1,2,1,0,0,2,0
27,0,3,2,12,8,1,2,2,6,1,1,1,8,4,5,0
57,0,1,3,12,12,1,2,3,2,1,2,1,0,0,9,0
74,0,1,4,12,14,5,2,3,2,1,2,1,0,4,1,1
51,0,1,1,20,16,1,1,4,1,1,1,1,0,0,5,1
44,1,3,1,18,16,1,3,3,4,1,1,1,8,4,9,1
46,0,1,2,12,12,1,2,5,1,1,1,1,0,0,5,1
42,0,3,7,12,12,1,2,1,2,2,1,2,8,4,11,0
65,0,1,1,14,14,1,2,3,2,2,1,1,2,3,4,1
36,1,1,1,16,16,1,2,5,1,1,2,1,0,0,3,1
80,0,1,0,12,14,5,2,3,1,1,2,1,0,2,7,1
32,0,3,2,12,14,1,2,1,1,1,1,2,8,4,1,1
89,1,1,3,6,12,1,2,3,2,2,1,2,8,4,10,0
40,0,3,2,16,14,1,2,3,2,1,2,1,0,2,12,1
88,0,1,3,12,12,1,3,3,1,1,1,2,8,4,12,0
59,0,1,4,12,12,1,3,2,1,1,2,1,0,0,6,1
55,0,1,1,12,16,1,2,2,2,1,2,1,0,0,1,1
31,0,2,5,12,12,1,2,2,1,1,2,1,0,0,7,0
31,1,3,3,12,12,2,2,2,7,2,1,2,8,4,7,1
35,0,1,4,18,12,1,2,2,2,1,1,1,8,4,3,1
32,0,3,0,16,12,3,3,3,4,1,1,2,2,2,8,1
48,0,3,1,3,12,8,3,3,4,1,2,1,0,0,2,0
24,0,2,3,12,12,1,2,3,2,1,1,2,8,4,6,0
22,1,3,2,16,15,1,3,1,4,2,1,1,8,4,8,0
37,0,3,10,0,0,8,2,2,2,2,1,2,8,4,6,0
34,0,2,3,12,14,5,1,2,1,1,2,1,0,0,6,1
89,0,1,1,8,8,1,2,2,1,2,1,2,8,4,5,0
55,0,2,5,12,8,5,2,3,2,1,2,1,0,0,9,0
46,1,2,6,12,14,5,2,2,1,1,2,1,0,2,7,0
29,0,1,1,13,11,1,3,2,4,1,1,2,8,4,3,1
83,0,3,9,12,12,1,2,3,2,2,2,1,8,4,5,0
33,0,1,3,12,16,1,2,2,1,1,2,1,0,2,1,1
46,0,2,0,12,16,5,2,3,2,1,2,1,2,1,11,1
65,1,2,3,12,18,1,1,3,1,1,2,1,0,0,5,1
37,0,3,1,2,6,1,3,2,4,1,1,2,8,4,8,0
64,0,1,2,12,11,1,2,3,1,1,2,1,0,0,6,0
22,0,1,1,16,12,1,1,3,1,1,2,1,0,0,4,0
28,1,1,1,18,12,4,3,4,4,1,1,1,0,2,10,1
24,0,3,1,20,17,1,2,4,2,1,2,1,2,2,10,1
43,1,1,3,12,15,5,2,3,2,1,1,1,1,2,1,0
32,1,1,7,12,12,5,2,4,1,1,2,1,0,0,5,1
76,0,1,2,8,12,8,3,3,1,1,2,1,0,3,6,1
21,0,1,5,13,16,1,2,3,1,2,1,1,0,2,8,0
48,0,3,6,14,3,3,2,3,2,1,1,2,8,4,10,0
76,1,1,2,12,12,1,3,3,1,2,2,1,0,0,9,0
55,0,1,3,9,10,1,2,4,2,1,2,1,0,4,12,1
70,0,1,0,12,12,5,2,3,2,1,2,1,0,2,7,0
66,0,1,1,16,15,1,3,3,1,2,2,1,0,0,1,1
37,0,3,7,3,6,1,2,1,2,1,1,2,8,4,12,1
70,0,1,4,16,16,1,3,3,1,1,1,1,2,2,1,1
43,1,1,1,17,15,1,2,3,2,1,1,2,8,4,11,1
70,1,1,9,12,10,1,1,2,1,1,2,1,2,2,11,0
40,0,1,3,16,16,1,1,2,1,1,2,1,0,0,10,1
59,1,3,8,7,7,1,2,3,9,2,1,2,8,4,3,1
70,0,1,3,7,7,1,2,3,1,2,2,1,0,0,8,0
31,1,1,4,16,16,1,2,3,2,1,2,1,0,0,6,0
51,0,3,3,18,16,1,1,3,1,1,2,1,7,4,3,1
32,0,2,3,12,12,3,2,3,1,1,2,1,0,0,5,0
60,0,1,7,12,12,1,1,2,1,1,2,1,0,0,4,0
27,1,1,0,12,16,1,2,3,1,1,2,1,0,0,1,0
89,1,1,1,6,4,1,1,2,1,1,2,1,0,0,5,1
50,0,2,4,12,12,4,1,4,1,1,1,1,0,0,5,0
44,0,2,3,12,12,1,1,3,1,1,2,1,0,0,6,1
85,0,1,10,12,3,5,1,3,1,1,2,1,0,0,10,0
33,1,1,3,6,9,1,2,2,2,2,1,2,8,4,8,0
31,0,1,1,12,14,5,2,3,2,1,2,1,0,0,1,0
46,0,1,4,12,12,5,2,3,1,2,2,1,0,0,8,1
72,1,1,3,15,16,1,3,4,1,2,1,1,0,0,10,1
50,0,1,1,16,18,1,3,4,1,1,1,1,0,0,3,1
66,1,1,2,20,14,1,3,3,1,2,1,1,0,0,12,1
35,0,1,2,17,16,1,1,4,1,1,2,1,0,0,2,1
35,0,2,3,12,12,3,3,3,4,1,2,1,0,0,6,0
33,0,2,5,12,12,5,3,1,4,1,2,1,0,0,8,0
66,0,1,9,12,12,0,2,2,2,1,1,1,0,2,5,0
53,1,1,7,12,8,5,2,2,2,2,1,1,0,0,2,0
37,0,2,5,12,12,1,2,1,1,1,1,2,8,4,11,1
33,1,1,2,12,16,8,3,3,10,1,1,2,8,4,4,0
28,1,2,0,16,16,1,2,3,2,1,2,1,0,0,1,1
30,0,1,3,14,12,1,1,2,1,1,2,1,0,1,7,1
37,1,1,1,11,12,1,3,2,4,1,2,1,0,0,2,0
38,1,3,2,12,12,1,2,3,2,1,2,1,2,4,2,0
84,1,1,3,11,12,1,2,3,2,1,2,1,0,3,8,0
66,1,1,1,17,17,1,3,2,1,1,2,1,0,0,8,1
29,0,3,1,16,16,1,2,3,9,1,1,2,8,4,10,1
39,1,1,1,17,17,1,3,2,10,1,1,2,8,4,9,1
33,0,2,2,16,14,1,1,4,1,1,2,2,8,4,12,1
68,0,3,1,12,12,1,2,3,6,2,1,2,8,4,5,1
70,0,1,2,16,16,1,2,4,1,1,1,1,0,2,6,1
50,1,1,25,12,4,1,2,3,9,2,1,2,8,4,4,1
54,1,1,2,17,14,1,3,4,3,1,2,1,0,2,7,1
45,1,1,0,12,12,5,2,1,1,1,2,1,0,0,12,1
48,0,1,4,20,14,1,1,1,1,2,1,1,0,0,8,0
73,1,1,2,12,12,1,3,2,1,1,2,1,0,0,8,1
77,0,1,6,11,12,1,3,2,1,2,2,1,0,0,2,1
59,0,1,4,8,11,1,3,2,1,1,2,1,0,0,1,1
72,1,1,1,12,12,1,3,2,1,1,1,1,0,0,6,0
68,1,1,3,6,12,1,1,4,1,2,2,1,0,0,3,1
60,0,1,5,16,14,1,1,4,1,1,2,2,0,0,3,0
63,1,1,1,12,12,1,2,3,1,1,2,1,0,0,1,0
45,1,1,0,12,12,4,1,4,1,1,2,1,0,0,11,0
35,0,1,1,18,14,1,3,4,4,2,2,1,0,0,6,0
22,0,1,3,12,16,1,2,1,1,1,2,1,0,0,2,0
36,0,1,2,12,12,5,3,3,4,1,2,1,0,1,10,0
76,0,1,0,3,12,4,1,2,1,1,2,1,0,0,9,0
61,0,1,4,16,12,1,3,3,4,1,2,1,0,0,9,0
56,0,1,1,12,12,1,2,2,1,1,2,1,0,1,9,0
26,0,2,4,12,12,7,1,4,1,1,2,1,0,0,12,0
59,1,2,6,12,9,7,1,1,1,2,2,1,0,0,8,0
55,1,2,7,12,12,1,1,3,1,2,2,1,0,0,10,0
57,1,1,1,20,13,1,2,3,1,1,2,1,0,0,9,1
59,0,1,7,14,14,0,3,2,1,1,2,1,0,0,12,0
33,0,1,3,12,8,1,3,3,4,1,2,1,0,0,3,0
75,0,3,14,12,0,1,2,3,2,2,2,1,0,0,12,0
61,1,1,1,12,12,1,1,3,1,1,2,1,0,0,4,1
39,0,1,6,12,14,1,1,3,1,1,1,1,0,0,3,0
38,0,1,4,6,9,1,2,2,2,2,1,1,8,2,5,0
49,0,1,3,12,17,1,2,4,2,1,2,1,0,0,4,1
71,1,1,2,12,14,3,1,3,1,1,1,1,0,0,9,1
47,1,2,1,16,14,1,1,4,1,1,2,1,0,0,8,1
52,1,3,11,0,0,1,2,2,2,2,1,2,8,4,7,0
35,0,1,2,12,7,5,1,1,1,1,2,1,0,0,8,0
54,0,1,3,12,12,1,1,2,1,2,2,1,0,0,8,0
39,0,1,2,12,12,0,1,2,1,1,2,1,0,0,2,0
70,1,2,10,12,12,1,3,2,4,1,2,1,0,0,7,0
78,0,2,4,3,3,1,2,1,1,2,2,1,0,0,5,0
74,0,1,3,15,14,1,3,4,1,2,2,1,0,0,11,1
65,1,1,4,14,16,1,2,4,2,2,2,1,0,1,12,1
61,1,1,2,16,12,1,3,3,3,1,2,1,8,4,4,0
53,0,1,4,12,12,1,2,2,2,1,2,1,0,0,7,1
21,0,3,3,6,12,1,2,3,2,1,1,1,8,4,7,0
41,0,1,2,20,16,1,2,4,2,1,1,1,2,2,10,1
62,0,1,7,10,9,1,2,3,2,1,2,1,0,0,4,0
71,1,1,7,16,16,1,2,3,2,1,2,1,0,0,1,1
89,1,1,4,12,12,0,3,3,1,2,2,1,8,4,3,1
66,1,1,6,16,12,1,2,4,2,1,2,1,0,2,4,1
28,1,1,0,16,12,1,3,4,4,1,2,1,0,0,10,1
85,0,1,0,12,16,5,3,2,1,1,2,1,0,4,5,1
70,1,1,2,12,12,5,2,4,2,1,2,1,0,4,9,0
29,0,3,1,12,12,1,2,2,7,1,1,2,8,4,11,1
39,1,3,4,17,17,1,2,1,7,1,1,2,8,4,2,1
28,1,1,1,13,12,1,2,5,2,1,2,1,0,0,12,0
74,0,1,2,16,12,1,3,3,1,2,2,1,0,0,8,1
53,0,1,4,11,11,1,2,2,2,1,2,1,0,0,12,1
66,1,1,3,13,12,1,2,2,2,2,1,1,0,2,10,1
67,1,1,6,16,16,1,2,4,2,1,2,1,0,0,5,1
28,0,1,1,16,16,1,2,1,1,1,2,1,0,0,4,1
23,0,1,2,16,16,2,2,4,11,1,1,1,0,0,3,1
37,1,1,2,16,16,1,3,4,1,1,2,1,0,0,3,1
27,1,2,2,12,10,1,2,4,1,1,2,1,0,0,7,0
32,0,2,6,12,14,5,1,2,1,1,2,1,0,0,4,0
40,0,2,13,12,12,5,1,1,1,1,2,1,0,0,10,0
22,0,1,2,12,14,5,2,3,2,1,2,1,0,2,9,1
38,1,2,3,12,12,5,1,3,1,1,2,1,0,0,5,0
45,0,2,11,12,14,1,2,3,2,1,2,1,0,0,7,0
63,1,1,2,16,12,1,1,3,1,1,2,1,0,0,12,0
30,0,1,1,12,13,5,3,3,10,1,2,1,0,0,6,1
25,1,1,0,12,12,5,3,3,4,1,2,1,0,3,11,0
44,0,3,2,12,12,1,2,4,6,1,1,2,8,4,5,0
56,1,1,2,12,12,1,1,4,1,1,2,1,0,0,8,0
45,0,1,3,11,12,1,3,3,4,1,2,1,0,0,11,0
27,0,3,3,12,12,3,2,2,2,1,2,1,0,0,12,0
53,1,3,6,7,5,1,2,2,2,2,1,1,0,0,4,1
66,0,2,10,12,8,5,1,1,1,1,2,1,0,0,5,0
48,0,2,7,12,16,5,1,2,1,1,2,1,0,0,11,1
50,0,2,1,14,16,1,1,3,1,1,2,1,0,0,12,0
51,1,2,2,16,16,1,1,3,1,1,2,1,0,0,7,1
63,0,2,5,15,12,1,1,1,1,1,2,1,0,0,7,0
57,0,2,3,12,12,5,1,3,1,1,2,1,0,0,9,0
68,1,2,5,16,12,1,2,1,1,2,1,1,0,0,3,1
64,1,1,2,12,7,1,1,3,1,2,2,1,0,0,9,0
26,1,3,3,12,12,5,2,3,2,1,1,1,8,4,5,0
58,0,1,3,12,14,1,1,2,1,1,2,1,0,0,3,0
53,0,2,4,7,14,1,1,3,1,1,2,1,0,1,7,1
28,1,3,6,5,9,0,2,1,2,1,1,2,8,4,9,0
30,0,1,1,12,9,5,2,4,1,1,1,1,0,0,8,0
53,1,1,1,14,14,1,1,4,1,2,2,1,0,2,1,0
56,1,1,2,6,12,4,1,4,1,1,2,1,0,1,6,0
64,0,1,3,12,12,1,2,3,2,1,2,1,0,2,12,1
40,1,3,3,16,16,3,2,1,2,2,1,1,4,4,4,0
64,0,3,13,4,5,1,2,2,2,2,1,2,2,2,6,0
39,0,1,1,12,14,5,1,3,1,1,1,2,8,4,9,0
42,0,1,6,6,6,1,1,3,1,2,1,2,8,4,2,0
22,1,3,4,6,9,1,2,3,2,2,1,2,8,4,1,0
51,1,3,4,3,2,1,2,1,2,2,2,2,8,4,5,0
40,0,3,3,6,6,1,1,1,1,2,1,2,8,4,7,0
40,1,3,4,0,7,1,2,2,2,1,1,2,8,4,11,0
24,0,1,4,12,11,5,2,3,2,1,1,1,1,3,5,0
27,0,1,5,12,12,3,2,2,2,2,1,2,8,4,3,0
34,0,3,5,12,15,7,2,1,2,2,1,2,8,4,10,0
24,0,3,0,8,12,1,2,3,6,1,1,2,8,4,1,0
34,0,3,5,12,12,3,2,4,2,1,1,2,8,4,1,0
44,0,3,7,12,6,1,2,3,9,2,1,2,8,4,7,1
80,0,1,2,13,15,1,1,3,1,1,2,1,0,0,2,0
61,0,1,2,13,12,1,2,3,1,2,2,1,0,0,6,1
39,0,2,9,16,14,2,1,3,1,1,2,1,0,0,7,0
41,0,1,4,12,18,5,3,4,1,1,2,1,0,2,6,1
34,1,3,1,12,18,5,2,4,1,1,1,2,8,3,10,0
70,0,1,2,12,8,1,3,3,1,1,2,1,0,2,5,1
49,0,1,1,12,16,3,3,3,1,1,2,1,1,4,9,0
59,0,3,4,16,6,1,2,3,2,2,1,1,8,4,3,1
31,0,2,2,14,12,1,2,3,2,1,2,1,0,0,7,1
77,1,1,2,16,12,1,3,3,1,1,2,1,0,2,2,1
40,0,1,1,12,14,5,3,3,4,1,1,2,8,4,5,1
53,0,2,11,12,8,5,2,3,1,1,2,1,0,0,7,1
29,0,2,2,12,12,3,1,3,1,1,2,1,0,0,6,0
39,0,2,1,12,16,1,2,3,1,1,2,1,0,1,10,0
27,0,2,2,14,14,1,1,4,1,1,2,1,0,0,7,0
62,1,2,8,5,5,1,3,4,1,2,1,2,8,0,9,1
48,0,2,0,12,11,5,1,3,1,1,2,1,0,0,8,0
28,0,3,4,9,3,1,2,2,2,2,1,1,8,4,8,0
47,1,2,15,12,16,5,1,3,1,1,2,1,0,0,4,0
42,0,2,7,12,14,7,1,1,1,1,2,1,0,0,4,0
38,0,1,6,12,12,4,1,3,1,1,2,1,0,0,5,0
53,1,1,1,18,12,1,1,3,1,1,2,1,0,0,1,1
40,1,2,4,12,12,1,1,3,1,1,2,1,0,0,11,0
57,1,1,2,16,16,1,1,2,1,1,2,1,1,0,8,0
51,1,1,0,16,9,0,2,3,2,1,2,1,0,0,3,0
60,0,1,4,12,8,5,1,3,1,1,2,1,0,0,10,0
55,0,1,8,12,0,1,1,1,1,2,1,2,8,4,5,1
40,0,1,1,11,12,1,1,3,1,1,2,1,0,0,9,0
25,1,1,10,12,3,5,1,3,1,1,1,2,8,4,3,0
46,1,3,6,12,12,1,2,2,2,2,2,2,8,4,2,0
60,0,2,6,12,6,0,1,2,1,1,2,1,0,0,9,0
22,0,3,4,12,16,7,2,3,1,1,2,1,0,0,12,0
29,0,2,4,14,15,1,1,3,1,1,2,1,8,4,9,1
28,1,2,1,12,16,1,1,4,1,1,1,1,0,0,3,1
36,0,2,2,12,12,5,2,2,1,1,2,1,0,0,6,0
29,0,1,2,20,14,0,3,3,3,1,1,1,7,4,12,1
40,1,2,8,6,12,1,1,1,1,2,2,1,0,0,5,0
47,1,1,0,16,18,1,1,3,1,1,2,1,0,0,7,0
51,1,2,2,12,14,8,2,3,1,2,2,1,0,0,12,0
63,1,1,1,16,10,1,1,3,1,1,2,1,0,0,6,0
33,1,2,2,12,14,5,1,2,1,1,1,1,0,0,5,0
47,0,2,2,12,12,5,2,3,2,1,1,2,8,4,1,0
26,0,3,3,3,3,1,2,1,2,1,1,2,8,4,9,0
68,1,2,4,12,14,3,1,2,1,1,2,1,0,0,5,1
36,0,2,1,18,18,1,2,2,1,1,1,1,0,0,5,1
34,1,1,1,12,12,1,1,2,1,1,2,1,0,0,3,0
30,0,2,5,12,16,1,1,3,1,1,2,1,0,0,8,1
71,0,1,0,12,8,3,2,3,2,1,1,2,8,4,3,0
28,0,1,2,16,16,1,3,4,3,1,1,1,0,0,10,0
65,1,2,5,9,12,1,2,2,1,1,2,1,0,0,8,1
49,1,1,1,12,12,5,2,1,1,1,2,1,0,0,11,0
32,1,1,3,10,13,1,1,4,1,1,1,1,0,0,5,0
21,0,1,1,14,14,1,1,3,1,1,2,1,0,0,10,0
38,0,1,3,15,12,1,1,4,1,1,2,1,0,0,1,0
22,1,1,1,14,12,1,2,2,2,1,2,1,0,0,5,0
50,1,2,3,6,12,1,1,2,1,1,2,1,0,0,2,0
86,1,2,5,15,13,1,1,2,1,1,2,1,0,0,3,0
59,0,3,8,9,9,1,1,3,1,1,2,2,8,4,5,0
28,0,2,11,12,16,5,3,4,4,1,2,1,0,0,2,0
54,1,2,5,12,20,8,1,4,1,1,2,1,0,0,5,0
71,0,2,1,12,16,1,1,3,1,1,2,1,0,0,2,1
58,0,2,13,12,12,1,2,1,9,2,2,1,0,0,3,0
88,0,1,7,0,4,1,2,2,2,2,2,2,8,4,11,0
34,1,1,2,12,12,1,2,3,2,1,2,1,0,0,1,0
52,0,1,1,12,16,1,2,2,1,1,1,1,0,0,4,0
71,0,1,13,12,12,1,2,1,2,2,2,2,8,4,10,0
21,0,3,2,12,11,5,2,3,1,1,2,1,8,4,9,0
23,1,2,2,12,12,7,2,1,1,2,1,1,0,0,3,0
82,1,2,7,3,12,1,3,2,1,2,2,1,0,0,5,0
34,1,2,1,12,15,5,1,2,1,1,2,1,0,0,5,0
32,0,2,7,12,9,5,1,1,1,1,2,1,1,2,11,0
43,0,2,5,12,9,1,2,2,1,2,1,2,8,4,3,1
75,0,2,2,12,12,1,1,2,1,2,2,1,0,0,5,0
46,1,1,2,12,17,5,3,1,4,1,2,2,8,4,4,0
33,1,3,2,12,12,1,2,2,5,1,2,2,8,4,10,0
79,0,3,8,0,0,1,2,1,2,2,1,2,8,4,8,0
50,0,1,5,6,4,1,3,2,4,2,2,2,8,4,3,0
40,0,1,4,6,6,1,2,3,2,1,1,2,8,4,2,1
89,0,2,4,12,12,1,1,2,1,2,2,2,8,4,6,0
65,1,3,2,12,12,1,2,2,2,1,1,2,2,2,12,0
69,0,2,3,12,12,5,2,2,2,1,2,1,0,4,9,0
73,1,2,6,8,9,1,1,2,1,2,2,1,0,0,9,0
53,0,1,9,12,12,7,3,1,4,2,2,2,8,4,5,0
46,0,1,1,12,10,1,2,3,2,2,1,1,8,4,2,0
56,0,1,4,12,12,4,2,3,2,1,1,1,8,4,6,0
71,1,1,9,5,10,1,3,4,3,2,1,1,8,4,3,0
33,1,1,1,12,12,5,1,2,1,1,2,1,0,0,1,0
68,0,1,0,12,16,1,3,3,3,2,1,2,1,4,5,0
89,0,1,6,12,12,1,3,2,3,2,1,2,8,4,2,0
26,1,2,2,12,16,5,1,2,1,1,2,1,8,4,9,1
28,0,1,1,18,12,1,3,1,4,2,1,2,8,4,2,1
70,1,1,2,6,6,1,3,3,4,2,2,2,8,4,2,0
38,0,2,3,12,12,8,2,1,2,1,1,2,8,4,5,0
39,1,1,2,15,12,1,2,4,2,2,2,1,0,0,8,1
45,1,1,2,18,14,1,2,5,2,1,1,1,0,0,5,1
47,0,1,1,12,12,1,2,3,1,1,1,1,8,4,5,1
46,1,1,2,19,16,1,3,4,1,2,2,1,0,0,9,1
48,0,2,3,16,18,1,1,4,1,1,1,1,0,0,6,1
38,0,1,1,12,12,5,2,3,2,1,2,1,0,0,9,0
24,1,2,1,14,14,1,1,3,1,1,1,1,0,0,8,1
54,0,2,11,12,12,5,2,3,2,1,2,1,0,0,9,0
50,1,2,4,14,12,4,1,4,1,1,1,1,0,0,9,0
48,1,2,1,14,14,1,1,3,1,1,1,1,0,0,5,0
25,1,2,2,12,14,5,1,2,1,1,2,1,0,0,11,0
59,1,2,2,12,16,1,3,3,4,1,2,1,0,0,9,0
25,1,2,5,12,9,3,1,2,1,2,2,1,1,2,10,0
28,0,2,5,12,12,5,2,3,1,1,2,1,0,0,9,0
40,0,2,5,7,14,1,1,3,1,1,2,1,0,0,4,0
73,0,1,2,12,12,1,3,4,4,1,2,1,1,2,12,1
50,1,1,6,12,12,4,1,3,1,1,2,1,0,2,7,0
43,1,1,2,16,12,1,2,3,2,1,2,1,0,0,12,0
68,0,1,1,16,14,1,3,4,1,2,2,1,0,2,5,1
54,0,2,3,12,11,3,1,2,1,1,2,1,0,0,6,0
71,0,1,1,17,17,1,3,3,4,1,1,2,8,4,5,1
28,0,1,2,12,13,5,2,2,2,1,2,1,0,0,4,0
46,1,2,1,13,16,1,1,3,1,2,2,1,0,0,5,1
47,1,1,3,12,12,1,1,1,1,1,2,1,0,1,6,0
65,0,1,4,12,12,1,2,4,2,2,2,1,0,4,3,0
57,0,2,2,12,9,7,1,2,1,1,2,1,0,0,3,0
65,0,1,4,12,11,1,1,3,1,1,2,1,0,0,3,1
25,0,2,0,12,15,5,1,2,1,1,2,1,0,0,7,0
30,1,2,6,12,12,5,2,2,2,2,2,1,0,0,12,0
37,0,2,2,12,12,3,1,2,1,1,2,1,0,0,9,0
68,0,1,3,8,8,1,2,3,2,1,2,1,0,3,8,0
47,1,1,3,12,12,1,3,2,4,1,2,1,0,0,7,0
61,1,1,1,12,12,1,1,3,1,1,2,1,0,0,10,0
23,1,3,1,12,12,1,2,3,1,1,1,2,8,4,10,0
27,1,1,2,20,12,1,1,4,1,1,2,1,0,0,8,0
54,1,1,2,12,14,1,2,4,2,1,1,1,0,1,3,1
34,0,1,2,12,12,5,3,2,4,1,2,1,0,0,4,0
89,0,1,4,8,8,1,2,3,1,2,2,1,0,4,1,1
34,1,3,1,5,5,1,2,3,2,2,1,1,2,2,9,0
64,1,1,2,14,12,1,2,3,2,1,1,1,0,3,11,1
36,0,1,4,12,18,3,1,3,1,1,2,1,0,3,8,1
42,0,1,1,12,12,1,2,4,2,1,2,1,0,0,6,1
44,0,3,0,12,14,1,2,4,6,1,1,2,8,4,10,0
44,1,1,3,14,14,1,2,4,2,2,1,1,0,0,6,0
43,1,1,0,12,14,5,3,2,4,1,1,1,0,2,6,1
77,0,1,6,14,12,1,2,3,2,2,2,1,0,0,6,1
43,1,1,2,12,12,0,2,2,2,1,1,1,0,3,12,0
36,1,1,1,12,16,5,1,2,1,1,2,1,0,0,3,0
30,1,1,3,12,14,3,2,3,1,1,2,1,0,0,2,1
58,1,1,4,9,12,1,2,2,11,1,1,1,0,0,8,1
89,0,1,2,12,8,1,2,3,1,2,2,1,1,4,10,1
62,1,1,2,12,12,1,3,3,4,1,2,1,0,0,7,0
76,0,1,7,12,12,5,2,1,2,1,2,1,0,4,10,0
51,0,1,1,14,14,3,3,4,4,1,2,1,0,0,1,0
27,0,1,2,18,12,4,1,4,1,1,2,1,0,2,8,0
73,1,1,1,11,12,1,2,4,1,2,2,1,1,0,6,0
28,1,1,5,12,12,1,3,3,4,1,2,1,1,2,7,0
34,1,1,9,12,12,1,3,2,4,2,2,1,0,0,8,1
40,0,1,4,10,12,1,1,3,1,1,1,1,0,2,4,0
35,0,1,2,12,9,1,2,1,2,1,1,2,8,4,7,1
70,1,1,4,12,8,1,1,2,1,1,2,1,0,0,10,0
82,0,1,5,8,12,1,2,3,1,2,2,1,0,0,3,0
52,0,1,3,8,8,1,2,4,2,1,1,1,0,0,6,0
56,1,1,3,12,12,6,3,1,1,1,2,1,0,0,3,0
46,0,1,2,12,14,3,3,3,4,2,2,1,0,2,5,0
33,0,1,3,12,12,3,3,2,4,1,2,1,0,0,7,0
23,0,3,1,8,8,1,2,3,2,1,2,1,8,4,3,0
48,1,1,1,10,12,1,3,3,4,2,2,1,0,0,3,0
55,1,1,1,16,14,1,2,4,1,1,2,1,0,0,4,0
56,0,1,1,14,12,1,3,3,1,1,2,1,0,3,3,0
74,0,1,1,8,11,1,3,2,1,1,2,1,0,0,12,1
28,0,1,3,12,12,1,1,3,1,1,2,1,0,0,9,0
24,0,2,8,12,16,8,2,3,2,1,1,2,0,4,1,0
62,1,2,10,13,12,1,1,3,1,1,2,1,0,0,2,1
74,0,2,7,12,13,1,1,4,1,1,2,1,0,0,12,0
24,0,3,4,12,12,1,2,3,2,1,1,1,0,0,6,0
29,0,2,3,12,15,5,2,4,2,1,2,1,0,0,5,0
59,0,1,5,3,2,1,2,2,2,2,1,1,1,2,10,0
73,1,1,6,6,10,1,2,2,2,1,1,1,0,0,10,0
65,1,3,2,12,0,5,2,3,2,2,1,2,8,4,6,0
22,0,3,3,12,12,5,2,2,1,1,1,2,8,4,8,0
40,1,1,2,12,20,3,1,3,1,1,2,1,0,0,9,1
48,1,3,4,12,0,5,2,2,2,1,1,1,2,2,4,0
61,1,2,9,12,12,5,1,1,1,1,2,1,0,0,10,0
49,0,1,1,16,14,1,2,3,2,1,2,1,0,0,4,1
39,1,3,0,6,9,1,2,2,2,1,1,1,8,4,1,0
45,0,3,10,12,13,0,2,3,2,1,1,1,0,3,10,0
60,1,1,3,12,12,1,2,2,1,1,1,1,0,1,9,0
32,1,1,2,18,16,1,3,4,4,1,2,2,8,4,10,1
39,1,1,3,16,12,3,2,4,2,1,2,1,0,0,11,1
52,0,2,0,12,12,5,1,4,1,1,2,1,0,0,1,1
44,0,3,3,12,15,5,2,1,5,1,1,1,0,0,9,0
59,0,2,10,12,12,5,1,3,1,1,2,1,0,0,9,0
46,0,1,21,12,16,1,2,4,2,1,1,1,0,0,10,0
63,1,1,5,12,12,1,1,1,1,1,1,1,0,2,9,0
26,1,2,8,12,14,3,3,3,4,1,2,1,0,0,6,0
31,1,3,2,12,0,5,2,1,5,2,1,2,8,4,1,0
40,0,1,3,9,16,3,2,1,2,1,1,2,8,4,12,1
64,1,2,3,12,14,1,2,3,1,1,2,1,0,0,9,0
25,1,1,1,16,14,1,2,4,2,1,2,1,0,0,6,0
56,1,1,3,12,12,1,2,2,2,1,2,1,0,4,6,0
41,0,1,2,12,12,3,3,3,4,2,2,1,0,0,9,0
54,0,2,2,12,16,5,2,2,1,1,1,1,0,0,7,1
40,1,1,2,12,12,5,2,3,1,1,1,1,0,1,5,0
64,1,1,7,4,12,1,2,1,2,1,2,1,0,0,12,1
56,0,1,3,12,12,1,2,3,2,2,2,1,0,0,12,1
71,0,1,1,12,12,1,2,3,2,2,2,1,0,0,1,0
50,1,1,1,12,12,1,2,1,1,1,1,2,8,4,5,1
69,1,1,1,13,6,1,2,3,2,1,2,1,0,0,4,0
49,1,1,2,12,12,5,3,3,4,1,2,1,0,0,12,0
61,1,1,4,15,12,1,1,3,1,2,2,1,0,0,12,0
38,0,1,4,12,12,3,1,2,1,1,1,1,0,0,9,0
74,1,1,9,8,12,3,3,2,1,2,2,1,0,2,12,1
40,0,1,1,12,12,1,1,3,1,1,2,1,0,0,10,0
34,1,3,4,12,12,1,2,2,2,2,1,1,8,4,8,0
41,1,3,2,12,12,1,2,3,6,1,1,2,8,4,8,0
78,1,1,11,9,12,1,2,2,2,2,1,1,0,4,11,0
47,0,3,9,2,3,1,2,1,2,2,2,2,8,4,5,0
50,0,1,4,12,12,4,3,2,4,1,2,1,0,0,8,0
41,0,1,7,12,12,5,3,5,4,2,2,1,0,0,10,0
63,0,1,6,12,12,1,2,3,2,2,1,1,0,0,4,0
56,1,1,4,12,12,1,2,3,1,1,2,1,0,0,3,0
25,1,3,2,12,16,1,1,2,1,1,2,1,0,0,3,0
55,0,1,24,14,6,1,2,5,2,2,1,2,8,4,12,0
58,1,1,2,16,16,1,1,3,1,1,1,1,0,0,3,0
39,0,1,1,14,14,1,2,4,2,2,1,1,8,4,7,0
42,0,3,3,2,1,1,1,1,1,2,2,2,8,4,5,1
25,1,3,3,12,12,1,2,3,2,1,1,1,8,4,9,0
76,0,1,5,3,3,1,1,2,1,2,2,2,8,4,5,0
53,0,3,4,9,6,1,3,2,4,2,1,2,8,4,2,1
57,1,1,2,12,12,3,2,3,2,1,2,2,8,4,8,0
53,0,1,2,10,15,1,2,4,5,1,2,1,0,0,2,0
63,1,1,6,12,12,1,1,2,1,2,1,1,0,0,5,0
62,0,1,3,6,5,1,1,3,1,2,1,1,2,2,5,1
56,0,2,4,12,12,1,1,1,1,2,2,1,0,0,5,1
70,1,2,3,12,12,1,3,2,1,1,1,2,8,4,9,0
35,1,2,2,16,12,1,2,5,2,1,1,1,8,4,12,1
64,0,1,3,12,10,1,1,4,1,1,1,1,0,0,3,1
32,1,1,2,2,8,1,1,5,1,2,1,2,8,4,7,0
27,0,1,6,16,12,3,3,3,4,1,1,1,0,0,6,1
67,1,2,9,12,0,7,2,2,1,1,1,2,8,4,7,0
27,0,1,1,14,12,1,2,2,2,1,2,1,0,0,2,0
31,1,1,1,18,12,1,2,4,2,1,1,1,0,0,8,0
79,0,1,1,8,12,1,3,2,1,2,2,1,0,0,6,0
41,0,1,1,12,14,1,3,1,4,1,1,1,0,0,3,0
29,0,1,6,12,14,5,3,2,4,1,1,1,0,0,8,0
42,0,2,2,12,12,5,1,1,1,1,2,1,0,0,12,0
89,0,1,0,12,12,1,3,3,1,2,1,1,0,3,4,0
52,0,1,2,12,16,5,2,1,1,1,2,1,0,0,11,1
78,1,1,0,12,16,5,2,3,2,1,2,1,0,0,8,1
77,1,1,6,7,5,1,2,3,2,2,2,1,0,1,9,0
42,0,1,2,16,14,3,1,3,1,1,1,1,0,1,11,1
45,1,1,4,16,14,1,2,4,2,1,2,1,0,0,11,1
64,0,1,2,20,14,1,2,4,2,2,1,2,1,2,5,1
83,0,1,2,3,12,1,2,4,2,2,1,1,1,4,5,0
49,0,1,1,18,12,1,2,3,2,1,2,1,0,2,2,1
31,0,1,1,12,16,1,2,3,1,1,2,1,0,0,6,1
42,0,1,2,16,16,1,2,4,2,1,2,1,0,0,12,1
25,0,1,2,12,12,4,2,2,11,1,1,1,0,0,7,0
47,1,1,3,16,16,1,1,3,1,1,1,1,0,1,6,1
48,0,1,6,16,16,1,2,3,2,1,2,1,0,0,11,0
53,0,1,2,11,12,1,3,3,4,1,2,1,0,0,5,0
57,1,1,2,12,9,5,1,4,1,1,1,1,0,0,12,1
84,0,1,5,8,12,1,3,3,1,2,2,1,0,0,4,0
83,0,1,0,6,6,1,3,3,1,2,2,1,0,2,6,0
68,0,1,4,12,16,5,3,3,1,1,2,1,0,0,4,1
64,1,1,3,10,12,1,1,3,1,1,2,1,0,1,6,0
63,0,1,2,13,12,1,3,3,1,1,2,1,0,2,6,1
70,0,1,2,12,12,3,2,4,2,1,1,1,0,4,3,0
21,1,2,4,12,14,5,1,2,1,1,1,1,0,1,5,0
29,1,2,2,10,16,1,1,1,1,1,2,1,0,1,6,0
56,1,2,4,12,12,5,2,2,1,1,2,1,0,0,2,0
27,1,2,3,16,16,8,1,4,1,2,2,1,0,0,11,0
53,0,1,1,10,10,1,1,2,1,1,2,1,0,0,5,0
68,1,1,2,12,8,5,2,2,2,1,2,1,3,0,10,0
44,1,1,3,12,16,5,1,3,1,1,2,1,0,0,12,0
68,0,1,3,12,8,5,2,2,2,1,2,1,0,0,4,0
39,1,1,2,12,12,1,2,4,2,2,2,1,0,2,8,0
57,1,1,5,16,12,1,3,4,1,2,2,1,0,0,3,0
25,1,2,3,12,16,1,1,2,1,1,2,1,0,0,8,0
42,0,2,5,12,12,3,2,2,11,1,2,1,0,0,8,0
25,1,2,5,12,16,5,3,3,4,1,2,1,0,0,3,0
66,0,2,16,12,12,5,1,3,1,1,2,1,0,0,5,0
74,1,2,1,5,12,1,1,3,1,2,1,1,0,0,6,0
69,0,3,7,12,12,1,2,3,1,1,1,1,0,0,5,1
26,0,2,3,12,12,5,2,2,1,1,1,1,0,0,3,0
69,1,2,14,12,12,1,2,3,2,1,2,1,0,0,7,0
27,0,1,2,12,12,4,3,2,4,1,2,1,0,1,1,0
53,1,1,4,12,15,5,2,3,2,1,2,1,0,0,6,0
35,1,1,7,12,12,0,2,2,2,2,2,1,0,0,12,0
32,0,1,2,12,12,1,3,2,4,1,2,1,0,0,10,0
56,1,1,1,12,12,5,3,3,1,1,2,1,0,0,4,0
69,1,1,1,8,8,1,2,3,1,1,2,1,0,1,5,0
66,0,1,2,11,12,1,2,3,2,1,2,1,0,2,8,0
69,0,1,6,2,6,8,3,4,4,1,2,1,0,2,7,1
43,1,1,3,8,12,1,1,2,1,1,2,1,0,0,5,0
43,0,1,8,12,12,7,1,1,1,1,1,1,0,0,11,0
44,0,1,4,12,12,5,2,2,1,1,1,1,0,0,6,1
58,1,1,2,12,12,1,3,3,1,1,2,1,0,0,4,1
38,1,1,4,12,12,2,2,2,1,1,2,1,0,0,4,0
49,0,1,8,16,12,3,3,2,1,1,2,1,0,0,5,1
51,1,1,3,12,12,1,1,3,1,1,2,1,0,0,7,0
59,0,1,3,8,12,1,3,2,1,1,2,1,0,2,5,1
68,1,1,5,8,8,1,2,3,1,1,1,2,8,4,6,0
73,1,1,2,6,12,1,3,3,1,1,2,1,0,2,2,1
67,1,1,3,12,12,1,2,2,2,1,2,1,0,4,8,1
70,1,1,1,12,16,1,3,3,1,1,2,1,0,0,4,1
61,0,1,4,14,12,1,3,2,1,2,2,1,0,0,12,1
50,0,1,1,14,12,1,2,5,2,1,2,1,0,0,6,0
67,1,1,2,12,12,5,3,2,1,1,2,1,0,1,5,1
39,1,1,1,12,14,5,1,4,1,1,2,1,0,1,8,1
48,0,1,3,12,11,1,1,4,1,2,2,1,0,0,10,1
58,1,1,7,12,0,1,2,1,2,2,2,2,8,4,3,0
54,0,2,6,12,10,3,1,1,1,1,2,1,0,0,11,0
89,0,1,3,12,16,5,3,3,1,2,2,1,0,0,9,0
44,0,1,6,12,6,3,2,2,2,1,1,2,8,4,4,0
59,1,2,8,12,12,7,1,1,1,1,2,1,0,0,2,0
47,0,3,7,6,6,1,2,1,2,2,1,2,8,4,4,1
46,0,1,3,12,12,5,2,2,1,1,2,1,0,0,4,1
55,1,3,8,14,8,1,2,2,6,1,1,2,8,4,2,0
65,1,2,7,12,12,5,1,2,1,2,1,2,8,4,1,0
23,0,1,4,12,12,3,3,4,4,1,2,1,0,1,4,0
28,0,1,4,12,17,0,2,3,2,1,1,1,8,4,9,0
76,0,1,6,7,8,1,1,2,1,1,2,1,0,2,7,1
45,1,1,2,12,12,1,2,2,2,1,2,1,0,4,7,1
40,0,1,3,6,6,1,1,1,1,2,1,2,8,4,9,0
77,0,1,2,12,3,3,3,1,4,1,2,1,0,0,9,0
74,1,1,5,12,12,1,2,4,2,2,2,1,0,0,11,1
79,0,1,3,12,6,1,1,3,1,1,2,1,0,0,10,0
70,1,1,2,6,6,1,1,3,1,1,2,1,0,0,5,0
61,1,1,3,8,12,1,1,4,1,2,2,1,0,0,11,0
49,1,3,14,12,12,4,2,2,2,1,1,2,8,4,3,0
38,1,1,1,13,18,1,2,3,2,1,1,2,8,4,12,1
25,0,1,1,16,18,3,2,4,1,1,2,1,0,0,1,1
36,1,2,1,12,12,5,1,4,1,1,2,1,0,0,12,0
75,0,1,7,19,18,1,3,3,1,1,2,1,0,3,10,1
22,1,1,4,16,14,3,1,4,1,1,2,1,0,0,12,0
45,1,1,2,16,12,1,2,3,2,1,2,1,0,0,12,0
26,0,3,3,3,0,1,2,3,2,1,1,1,8,4,4,0
40,1,2,5,12,12,1,1,3,1,1,2,1,0,0,12,0
26,0,2,6,11,16,1,2,3,1,1,2,1,1,2,1,0
60,0,3,4,12,14,5,2,2,2,1,1,1,0,0,12,0
32,1,1,1,19,12,4,2,3,1,1,2,1,0,1,3,0
54,0,1,0,12,12,8,3,3,1,2,2,1,0,0,10,0
27,1,1,2,12,10,5,3,3,4,1,2,1,0,0,1,0
27,0,2,7,12,11,5,2,3,1,1,2,1,0,0,7,0
34,1,1,3,12,16,0,2,2,1,1,2,1,0,0,10,0
37,0,1,2,17,16,1,2,4,1,2,2,2,0,0,2,1
41,1,1,3,3,8,1,2,1,2,1,1,1,8,3,4,1
32,0,1,5,16,12,1,2,3,9,1,1,1,8,4,4,0
43,1,1,1,14,12,1,2,3,2,1,1,1,0,0,4,1
42,1,1,2,14,12,4,1,3,1,1,2,1,2,2,3,1
57,1,1,3,11,9,1,2,3,2,2,1,2,8,4,5,1
43,0,1,1,13,14,1,2,3,2,1,2,1,0,0,11,1
41,1,1,4,16,12,4,2,4,2,1,2,1,0,0,7,1
77,1,3,2,2,4,1,2,2,2,1,1,2,8,4,4,0
46,1,1,1,16,16,1,3,4,1,1,2,1,0,0,6,1
50,0,1,1,14,16,1,3,4,3,1,2,1,0,0,3,1
25,1,1,2,16,16,1,3,1,4,1,2,2,8,4,6,1
37,0,1,2,11,16,1,2,4,5,1,2,1,1,2,3,1
60,0,1,1,12,14,1,3,3,3,2,2,1,0,0,9,0
57,1,1,1,12,12,1,1,4,1,1,1,1,7,2,6,0
38,0,3,5,12,12,1,2,3,9,2,1,2,8,4,2,0
25,1,1,1,13,13,1,3,3,4,1,2,1,0,0,10,0
34,1,1,1,12,13,5,3,2,4,1,2,1,0,0,1,1
65,1,1,2,12,12,2,3,3,1,1,2,1,0,0,3,0
34,0,1,2,12,13,5,3,2,1,1,2,1,1,0,12,0
34,0,1,2,12,12,1,3,4,4,1,1,1,0,0,3,0
40,0,1,5,12,13,5,3,1,4,1,2,1,0,0,12,0
26,0,1,2,12,14,5,2,2,2,1,2,1,2,3,9,0
23,0,1,4,16,18,1,2,3,1,1,1,1,0,0,4,0
24,0,1,1,12,12,3,2,3,2,1,2,1,0,0,8,0
28,0,1,2,18,12,1,3,4,1,1,2,1,0,1,8,0
56,0,1,2,14,15,1,2,4,2,1,2,1,0,2,2,0
84,1,1,2,8,12,1,1,3,1,1,2,1,0,0,8,1
42,0,1,6,12,13,5,1,5,1,1,1,2,1,4,4,1
44,1,3,1,9,9,1,3,2,4,1,1,2,8,4,5,1
51,1,3,2,16,20,1,2,1,2,1,1,2,8,4,9,1
61,1,2,3,9,13,1,1,2,1,1,2,1,0,0,3,1
37,0,1,2,12,12,1,3,3,4,1,2,1,0,0,3,1
39,1,1,1,14,14,1,2,2,2,1,2,1,0,0,5,1
65,1,3,1,14,14,1,3,4,4,1,2,1,0,0,4,1
39,0,1,3,12,12,3,2,3,2,1,1,1,0,0,3,0
26,0,2,4,12,12,5,3,3,4,1,2,1,0,0,11,0
55,0,1,2,10,12,1,2,2,2,1,2,1,2,2,7,1
51,0,1,5,12,12,1,2,2,2,2,2,1,0,1,11,1
50,0,1,5,14,12,4,2,3,2,1,2,1,0,0,2,1
61,1,1,3,12,12,1,1,4,1,1,1,1,0,0,4,0
42,0,2,3,12,12,1,1,3,1,1,2,1,0,0,2,0
30,1,3,2,16,12,1,2,2,2,2,1,2,8,4,5,0
60,0,1,4,8,12,1,2,2,2,1,2,1,0,2,2,1
46,0,2,2,12,12,5,3,3,1,1,2,1,0,0,11,0
35,0,1,3,12,15,1,2,4,2,1,2,1,0,4,10,0
75,0,2,7,12,9,8,1,3,1,1,2,1,0,0,4,0
35,0,1,1,12,12,0,2,3,1,1,2,1,0,0,11,0
34,1,1,3,12,12,1,2,4,2,1,2,1,0,0,9,1
58,1,1,6,8,12,1,2,3,2,2,2,1,8,4,8,0
55,1,1,4,8,12,1,2,3,2,2,1,1,0,0,12,0
86,1,1,2,12,12,1,3,3,4,1,2,1,0,3,6,1
54,1,1,6,8,12,3,3,3,1,1,2,1,0,2,1,0
44,0,1,1,12,12,1,3,3,1,1,2,1,0,0,5,1
55,1,1,5,12,12,1,2,3,2,1,1,1,0,0,7,0
58,0,1,5,14,9,1,2,3,2,2,2,1,0,0,2,0
54,1,1,6,12,18,5,2,2,2,1,2,1,0,0,11,0
31,0,1,10,12,11,5,3,2,4,1,2,1,0,0,1,1
51,1,1,1,12,12,1,2,3,2,1,2,1,0,1,2,0
39,1,1,2,12,12,3,1,2,1,1,2,1,0,0,4,0
86,0,1,5,0,0,1,2,5,9,2,1,1,8,4,9,0
54,1,1,2,11,12,1,3,3,4,1,2,1,0,0,5,1
26,1,2,6,12,12,5,1,2,1,2,2,1,0,0,1,0
37,0,1,1,12,17,5,3,2,1,1,2,1,0,0,3,1
45,1,1,2,14,14,1,1,3,1,1,2,1,0,0,5,1
70,0,2,4,8,2,1,1,3,1,1,2,1,0,0,8,0
43,1,3,2,20,15,1,2,1,7,2,1,2,8,4,4,1
23,1,1,0,16,16,1,3,3,3,1,2,1,0,0,12,0
42,0,3,4,11,14,2,1,4,1,1,2,1,0,0,5,1
86,0,1,1,3,12,1,1,3,1,1,2,1,0,0,4,0
72,0,1,2,6,6,1,3,3,1,1,2,1,0,0,5,0
55,0,1,0,12,18,5,3,3,4,2,1,2,8,4,11,1
69,1,2,7,0,3,1,1,1,1,1,2,1,0,0,9,0
89,0,2,6,12,12,4,1,1,1,1,2,1,0,0,11,0
68,1,2,13,2,8,1,1,2,1,1,2,1,0,0,3,0
45,0,1,4,12,12,1,2,3,1,1,2,1,0,0,12,0
22,1,1,6,18,16,1,2,2,2,1,2,1,0,0,5,0
66,0,1,2,12,12,5,2,2,1,1,2,1,0,0,8,0
66,1,1,6,12,6,1,1,2,1,1,2,1,0,0,8,0
21,1,1,0,12,12,5,3,3,1,1,2,1,3,0,9,0
65,1,1,0,8,8,1,1,3,1,1,2,1,0,0,6,0
29,1,1,2,13,16,1,1,2,1,1,2,1,0,0,12,0
50,0,1,4,8,12,8,1,3,1,1,1,1,0,0,2,0
65,1,1,1,8,12,1,1,2,1,1,1,1,0,0,8,0
53,1,1,3,12,12,5,1,3,1,1,2,1,0,0,8,0
32,0,1,3,12,11,5,1,1,1,1,1,1,0,0,8,0
47,0,1,2,13,15,1,2,4,1,1,1,1,0,0,10,0
58,1,3,4,2,12,1,2,2,2,2,1,1,8,4,6,0
44,0,1,2,12,11,0,3,3,4,1,2,2,0,0,5,0
50,1,1,3,12,12,3,3,3,4,1,2,1,0,0,7,0
51,1,1,0,12,20,5,2,2,2,1,2,1,0,0,5,0
53,0,3,4,8,12,1,2,2,1,1,2,1,2,2,3,0
44,0,2,5,12,12,1,3,3,3,1,1,1,0,0,7,0
40,1,1,1,12,9,8,3,4,4,2,2,1,0,0,12,0
56,0,2,9,12,10,5,1,5,1,1,2,1,0,0,7,0
52,0,2,4,12,14,5,1,3,1,1,2,1,0,0,2,0
65,0,2,6,12,10,1,1,2,1,1,2,1,0,0,3,0
37,0,1,4,16,12,1,2,2,2,2,2,1,0,0,6,0
50,1,1,1,18,16,1,3,3,1,1,2,1,0,0,4,1
27,0,1,3,16,14,1,2,3,1,1,1,2,2,2,3,0
49,0,1,1,12,12,1,2,3,2,1,2,1,0,0,3,1
41,1,1,7,13,14,0,2,3,2,1,1,1,0,1,6,0
72,1,1,5,8,0,1,2,1,2,2,1,1,2,4,10,0
42,1,1,5,7,12,1,2,3,2,1,1,1,0,2,7,0
24,1,1,2,12,16,5,3,3,10,1,2,1,0,0,12,0
31,1,3,5,7,12,4,2,4,2,1,1,2,8,4,5,0
33,0,1,5,12,11,0,1,3,1,2,2,1,0,0,8,0
69,0,1,3,5,0,1,2,2,2,1,1,1,0,4,10,0
46,0,1,0,12,16,5,2,3,1,1,1,1,0,0,11,1
71,0,1,3,12,7,0,2,3,2,1,1,1,0,2,11,0
22,0,1,3,12,14,5,2,2,1,1,1,1,0,0,3,0
53,1,1,4,12,14,1,2,1,2,1,2,1,0,0,6,0
30,1,1,0,17,14,1,2,4,2,1,2,1,0,1,3,1
61,1,1,4,17,12,1,3,4,1,2,2,1,0,0,1,1
39,1,3,1,5,5,1,2,2,2,2,1,2,8,4,3,1
27,1,1,2,16,16,1,2,4,2,1,2,1,0,0,5,1
71,1,1,2,18,12,1,2,4,1,1,2,1,0,0,2,1
60,0,1,2,14,12,1,3,3,1,1,2,1,0,0,3,0
47,1,1,2,18,16,1,2,4,2,2,2,1,0,0,5,1
33,1,1,4,16,12,1,2,3,2,1,2,1,0,0,8,0
29,1,1,1,20,18,1,3,4,4,1,1,1,0,0,12,1
60,0,2,4,14,12,1,1,3,1,1,2,1,0,0,5,0
27,0,2,2,12,12,1,1,3,1,2,2,1,0,0,2,0
30,1,1,5,12,12,0,2,4,11,1,2,1,0,1,7,0
24,0,1,1,8,11,3,3,2,4,1,2,1,0,2,7,0
57,1,1,2,12,12,1,2,3,1,1,2,1,0,0,5,0
55,1,1,7,12,12,1,3,2,4,1,2,1,2,2,11,0
75,0,2,10,12,12,1,1,3,1,2,2,1,0,0,5,0
50,1,2,6,12,12,1,1,3,1,1,2,1,0,0,9,0
70,1,1,3,6,11,1,2,2,2,2,2,1,0,0,2,0
65,1,1,1,18,12,1,2,4,2,1,1,1,0,0,8,1
28,0,1,6,16,12,4,1,2,1,1,2,1,0,0,5,1
57,0,1,7,12,13,1,2,3,1,1,2,1,0,0,6,0
48,1,1,1,12,12,2,2,3,1,1,2,1,0,0,10,1
27,1,1,2,20,16,1,3,2,4,1,2,2,8,4,11,0
41,1,1,3,12,12,2,2,2,2,1,1,1,0,0,7,0
69,0,1,2,16,12,1,3,3,1,1,2,1,0,0,10,1
32,0,2,10,12,12,5,1,4,1,1,1,1,0,0,3,0
21,0,2,4,15,8,1,2,2,2,2,1,2,8,4,11,0
30,0,2,6,15,12,1,1,3,1,1,2,1,0,0,8,0
66,0,1,3,10,12,1,3,4,4,1,2,1,0,0,4,0
59,0,3,1,12,12,1,2,4,1,1,1,1,0,0,4,0
22,0,3,7,12,16,5,2,4,2,1,1,2,8,4,6,0
31,1,1,7,12,12,5,3,2,4,1,1,1,0,0,7,0
50,0,1,0,12,17,5,2,2,9,1,1,2,8,4,5,1
21,1,1,1,16,16,1,3,4,4,1,1,1,0,0,5,0
29,1,1,2,12,16,5,2,4,1,1,2,1,0,2,6,1
21,0,1,4,12,12,4,2,3,2,1,2,1,0,0,11,0
21,0,3,3,18,12,3,3,4,4,1,1,1,8,4,3,0
25,1,1,3,18,14,1,2,3,2,1,1,1,0,0,8,1
22,1,1,3,16,15,1,1,3,1,2,2,1,0,0,7,0
23,1,2,4,16,18,3,1,3,1,1,2,1,0,0,3,0
21,1,1,1,17,18,1,3,1,4,1,1,2,0,0,11,0
21,1,1,2,20,16,1,2,4,1,2,1,1,0,0,4,0
55,1,1,1,12,12,1,2,3,1,1,2,1,8,4,3,1
63,1,1,3,12,12,1,1,3,1,1,2,1,0,0,6,1
86,0,1,4,12,12,1,1,3,1,1,1,1,0,0,7,0
40,1,1,2,12,13,3,3,2,4,1,1,1,0,0,9,0
42,1,3,6,12,0,5,2,2,2,1,1,2,8,4,9,0
64,0,1,8,12,10,3,1,2,1,1,2,1,0,0,2,0
72,0,1,3,16,12,1,2,4,1,1,1,1,1,4,1,1
84,1,1,0,8,12,1,3,2,3,1,2,1,0,4,12,0
30,0,2,5,16,14,1,1,4,1,1,2,1,0,0,3,0
33,1,1,3,12,16,5,2,2,2,1,1,1,0,4,7,0
76,1,1,1,12,10,1,3,1,3,2,1,1,0,4,11,0
28,1,3,1,16,14,1,2,3,7,2,1,2,8,4,5,1
23,0,2,13,18,12,1,1,3,1,1,2,1,8,4,1,1
30,0,1,1,12,12,5,2,2,2,1,1,2,8,4,4,0
29,0,3,3,7,7,1,2,3,2,1,1,1,8,4,1,0
23,1,1,9,12,12,0,1,1,1,1,1,1,0,0,9,0
85,1,1,4,0,0,1,3,3,3,1,1,1,8,4,7,1
58,1,3,7,12,3,3,2,2,2,2,1,1,8,0,5,0
86,1,1,2,12,12,3,2,4,2,1,2,1,0,0,11,0
82,1,1,2,13,12,1,2,1,1,1,2,1,0,1,7,1
50,1,2,5,12,12,1,1,2,1,2,2,1,0,0,2,0
55,1,2,3,13,16,1,2,2,2,1,2,1,0,0,2,0
41,0,3,11,3,4,0,2,2,2,1,1,1,8,4,4,1
22,1,3,4,13,0,3,2,2,2,1,1,1,8,4,5,0
28,1,1,8,8,5,1,1,3,1,2,1,2,8,4,10,0
87,0,2,1,8,12,1,1,3,1,1,2,1,0,1,10,0
64,1,3,5,13,16,1,2,2,2,1,1,2,8,4,3,1
73,0,1,3,12,12,1,3,4,1,1,2,2,0,0,4,0
68,0,1,2,12,12,1,2,3,2,2,2,1,0,1,8,0
51,0,1,2,14,14,1,3,3,1,1,2,1,0,1,8,1
67,1,1,3,12,12,5,2,3,2,1,1,1,1,4,7,1
81,1,1,5,12,8,5,3,1,10,1,1,1,8,4,9,1
70,1,1,6,12,13,1,1,3,1,1,1,1,0,1,12,1
63,1,1,3,12,12,1,2,3,1,2,2,1,0,2,12,0
71,0,1,0,10,8,1,1,3,1,2,2,1,0,2,8,0
34,1,1,4,12,12,1,2,2,2,1,2,1,0,0,8,1
86,1,1,0,12,12,1,3,2,1,1,2,1,0,0,6,1
39,0,1,4,12,12,5,2,3,2,1,2,1,0,0,5,0
47,1,1,4,12,12,4,1,2,1,1,2,1,0,4,1,0
33,0,2,2,12,11,5,1,5,1,1,2,1,0,0,7,1
31,1,3,2,12,12,0,3,3,4,1,1,2,8,4,4,1
57,0,1,2,12,12,1,1,2,1,2,2,1,0,0,7,0
35,1,1,4,12,18,5,2,3,2,1,1,1,0,0,4,0
65,0,1,3,12,12,1,3,4,1,2,2,1,0,1,10,0
69,1,1,3,12,12,1,2,2,2,1,2,1,0,0,2,0
59,0,2,5,12,12,5,1,2,1,2,2,1,0,0,12,0
35,1,1,6,12,12,5,2,2,2,1,1,1,0,2,4,0
37,1,1,0,11,12,1,1,2,1,1,2,1,0,0,9,0
51,0,1,4,15,14,1,1,3,1,1,2,1,0,2,4,0
85,1,3,8,12,8,5,2,3,2,2,1,1,8,4,6,0
49,0,1,1,16,16,1,2,1,2,1,2,1,0,0,6,1
68,0,1,2,12,18,1,2,3,2,1,2,1,0,0,12,1
70,0,1,2,12,12,1,3,5,4,2,2,1,0,0,7,0
74,1,1,5,12,12,5,2,1,1,2,2,1,0,2,2,0
68,0,1,3,8,8,1,2,3,2,1,2,1,0,0,4,0
46,0,1,5,16,12,1,2,5,2,2,2,1,0,0,1,1
51,0,1,5,12,14,5,2,2,1,1,2,1,0,1,4,0
66,1,1,1,12,12,1,1,1,1,2,2,1,0,0,11,0
43,1,1,0,12,12,5,3,3,4,2,2,1,0,0,2,0
74,0,1,5,12,12,1,3,3,1,1,2,1,0,2,11,0
74,1,1,2,12,16,1,2,3,2,1,2,1,0,0,8,1
85,1,1,1,12,12,1,2,2,2,2,2,1,0,3,1,0
49,1,1,5,12,12,1,1,3,1,2,2,1,0,0,1,1
46,0,1,2,12,3,1,3,4,10,2,1,1,2,2,12,0
37,0,1,2,16,12,1,2,4,2,1,2,1,0,0,12,1
41,0,1,1,12,11,1,2,2,1,1,2,1,0,0,6,0
22,1,1,2,14,12,1,1,3,1,1,2,1,0,0,12,0
43,0,1,2,20,12,8,2,4,2,2,1,2,8,4,5,1
73,0,1,3,14,16,1,1,3,1,2,2,1,0,1,7,1
34,0,1,2,12,16,1,1,1,1,1,2,1,0,0,1,1
87,1,1,6,12,12,1,1,3,1,1,2,1,0,0,10,0
32,0,1,1,16,13,1,2,4,1,2,1,1,0,0,6,1
31,0,1,5,9,9,1,2,2,2,1,2,2,8,4,12,0
33,1,1,8,12,12,4,3,1,4,1,2,1,0,0,11,0
69,1,1,0,12,12,1,1,2,1,2,2,1,0,0,11,0
77,1,1,2,16,16,1,1,3,1,1,2,1,0,0,9,0
52,1,1,5,12,12,5,1,3,1,1,2,1,0,0,8,0
37,1,1,7,12,12,4,1,2,1,1,1,1,0,0,4,0
52,1,1,2,12,12,5,2,2,2,1,2,1,0,0,12,0
38,0,3,1,12,12,1,1,4,1,1,2,2,0,0,3,1
55,1,3,2,12,17,3,1,2,1,2,1,1,0,0,4,0
75,0,1,3,8,12,1,1,3,1,1,2,1,0,0,5,0
50,0,1,6,12,12,7,2,2,2,1,1,1,0,0,7,0
25,0,1,8,11,12,1,3,3,4,1,2,1,0,0,5,0
28,1,1,3,14,12,1,3,2,4,2,1,1,0,0,3,0
76,1,1,3,14,12,1,1,3,1,1,2,1,0,1,8,1
52,1,1,4,13,14,1,1,2,1,1,2,1,0,0,3,1
22,1,1,2,13,16,1,1,3,1,1,2,1,0,0,5,0
57,1,1,1,8,12,1,2,2,1,1,2,1,0,0,9,0
84,0,1,9,12,3,5,1,3,1,2,2,1,0,0,7,0
63,0,1,2,10,10,1,1,3,1,1,2,1,0,0,3,0
58,0,2,7,12,20,5,2,2,1,1,2,1,0,0,11,1
43,0,1,2,7,8,1,1,3,1,1,2,1,0,0,11,0
25,0,1,7,12,13,3,2,1,1,1,1,1,0,0,9,0
39,1,1,2,12,12,5,1,3,1,1,2,1,0,0,9,0
31,0,1,6,12,12,4,2,4,2,1,2,1,0,0,4,0
39,0,1,6,16,15,1,1,2,1,1,2,1,0,0,3,0
34,0,2,7,14,12,1,1,3,1,1,1,1,0,0,12,0
27,1,1,4,12,13,5,1,3,1,1,1,1,0,0,6,0
35,1,1,1,12,16,1,2,4,2,1,2,1,0,0,8,0
24,0,1,3,9,11,1,3,3,4,1,2,1,0,0,5,0
48,1,1,5,12,13,5,1,3,1,1,2,1,0,0,10,1
21,1,1,3,16,16,1,2,4,2,1,2,1,0,0,4,0
30,1,1,1,16,16,1,3,4,1,1,2,1,0,0,6,0
36,1,3,1,20,20,1,2,3,1,1,1,2,8,4,9,0
52,1,1,2,13,16,2,3,2,4,1,1,1,0,0,11,0
36,1,1,1,15,12,1,2,4,2,2,1,2,8,4,10,1
80,0,1,2,12,5,1,1,3,1,2,2,1,0,1,8,1
27,0,1,1,16,16,1,3,4,4,2,2,1,0,0,5,1
24,0,1,4,12,16,5,1,2,1,1,2,1,0,0,3,1
44,0,1,2,12,14,1,2,3,2,1,2,1,0,1,1,0
89,1,1,2,6,10,1,2,3,2,1,2,1,0,3,2,0
22,1,2,2,12,12,1,2,3,1,1,2,1,0,0,1,0
48,1,3,5,12,12,1,3,2,1,1,1,2,8,4,11,0
33,0,1,5,9,7,3,2,3,2,1,1,2,8,4,10,0
59,0,3,17,0,0,1,2,2,2,2,1,2,8,4,12,0
43,1,3,5,12,14,5,2,2,2,1,2,1,0,0,6,0
32,0,3,3,1,0,1,2,1,1,2,1,2,8,4,1,0
62,0,1,1,12,12,4,3,4,1,1,1,1,1,4,5,0
53,0,1,8,12,18,1,3,3,4,2,2,1,0,2,2,0
59,0,1,1,12,12,4,2,3,2,1,2,1,0,0,4,0
47,1,1,7,10,10,1,2,1,1,2,1,2,8,4,4,0
64,1,1,8,12,5,1,2,2,2,1,1,2,8,4,6,0
22,1,1,3,12,12,7,3,3,4,1,2,1,0,0,5,0
37,0,1,1,18,18,1,2,5,2,1,1,1,0,1,3,1
31,0,1,1,16,16,1,2,4,2,1,2,1,0,0,5,1
72,0,1,1,12,14,3,1,3,1,1,2,1,0,0,8,0
32,0,1,0,13,16,1,2,4,7,2,1,1,0,0,11,1
69,1,1,1,12,18,1,3,3,4,1,2,1,0,2,4,1
32,0,1,0,12,12,1,2,2,2,1,1,1,0,0,11,1
32,1,1,1,14,14,1,2,3,2,1,1,1,0,0,3,1
60,0,1,3,8,14,1,2,3,2,1,2,1,0,0,12,0
70,1,1,1,4,2,1,2,3,2,2,1,2,8,4,2,0
41,0,3,4,12,12,0,2,3,2,1,1,1,3,4,9,0
35,0,1,2,12,16,5,1,3,1,1,2,1,0,0,1,0
77,0,1,1,14,16,1,2,3,2,2,2,1,0,0,2,0
57,1,1,5,12,12,0,2,2,2,1,2,1,0,1,5,0
26,1,1,2,13,12,1,3,3,1,1,2,1,0,0,1,0
56,1,1,7,12,12,0,2,3,1,1,2,1,0,0,6,0
24,1,1,2,14,14,3,3,3,4,1,2,1,0,0,2,1
56,0,2,6,12,11,5,1,2,1,1,2,1,0,0,8,0
39,0,3,3,4,4,1,1,2,1,2,1,2,8,4,10,0
30,0,1,3,20,20,1,3,4,1,1,1,1,0,0,7,1
26,0,1,2,14,18,1,3,4,1,1,2,1,3,0,9,1
31,0,1,16,12,12,0,3,2,4,1,2,1,0,0,1,0
36,0,1,2,12,10,1,3,2,4,2,2,1,0,2,10,1
69,1,1,5,12,7,1,2,1,2,2,1,1,0,4,2,0
39,0,1,2,17,16,1,2,3,2,1,1,2,8,4,10,1
53,1,1,4,9,12,1,1,1,1,1,2,1,0,0,5,0
55,1,1,2,14,12,4,2,1,2,1,2,1,0,0,9,0
50,0,1,5,12,12,1,2,3,2,2,2,1,0,0,12,0
31,1,1,1,18,16,1,3,4,3,1,2,1,0,4,11,1
70,0,1,4,12,12,1,2,3,2,2,2,1,0,4,1,1
68,0,1,4,16,16,1,3,3,1,2,1,1,0,0,7,0
73,1,1,1,12,12,1,3,3,4,2,2,1,0,4,2,0
60,0,1,6,16,14,0,2,3,2,2,2,1,0,0,8,1
30,1,1,3,12,12,3,3,3,4,1,2,1,0,0,2,0
60,0,1,0,12,12,1,2,4,2,2,1,1,0,1,4,0
61,1,1,9,8,12,1,2,2,2,1,2,1,0,0,7,0
69,0,1,2,12,12,1,3,2,1,2,2,1,2,4,7,0
41,1,1,4,12,12,5,3,2,4,2,2,1,0,0,11,0
64,1,1,3,12,19,5,2,2,2,1,1,1,0,0,11,0
63,0,1,6,9,9,1,2,2,2,2,2,1,0,0,10,0
22,1,2,1,12,13,7,3,3,4,1,1,1,0,0,11,0
33,0,1,9,12,0,5,2,3,9,2,1,1,8,4,3,0
56,1,1,2,12,8,1,2,4,2,2,2,1,0,0,4,1
30,0,1,1,12,12,5,2,3,2,1,2,1,0,2,10,0
89,0,1,2,12,11,5,2,2,1,1,2,1,0,0,4,0
61,0,1,1,12,9,1,2,4,1,1,2,1,0,0,10,1
55,1,1,1,14,12,1,2,3,1,1,2,1,2,2,3,0
67,0,1,2,20,18,1,2,4,2,1,1,1,0,3,1,1
61,0,1,1,6,8,8,1,2,1,1,2,1,0,0,4,0
69,1,1,3,14,12,1,2,3,2,2,2,1,0,2,2,0
30,1,2,6,12,19,3,2,4,1,1,1,1,4,0,7,1
70,1,1,2,14,12,1,2,4,2,1,2,1,0,0,5,0
41,1,2,6,12,12,1,2,3,2,1,1,2,8,4,7,0
67,0,2,8,10,10,1,3,3,4,2,2,1,0,0,6,0
62,1,1,3,12,7,7,1,2,1,1,2,1,0,0,7,0
36,0,2,3,16,15,1,2,4,9,1,1,1,8,4,4,0
51,0,1,1,14,12,1,3,3,1,1,2,1,0,0,11,0
65,0,1,1,12,12,1,3,1,1,1,2,1,0,0,3,1
63,1,2,8,12,12,5,1,1,1,1,2,1,0,1,12,0
23,1,1,4,14,12,1,2,3,1,1,1,1,0,1,5,1
89,0,1,4,12,12,1,2,3,1,2,2,1,0,0,9,0
47,0,1,2,16,13,3,2,2,1,1,2,1,0,0,1,0
75,0,1,3,8,12,1,2,3,1,2,2,1,0,0,11,0
24,1,1,2,12,14,1,3,4,1,1,2,1,0,0,12,0
42,1,1,3,12,14,1,3,3,4,1,1,1,0,0,2,0
29,0,1,1,12,13,5,1,3,1,1,2,1,1,2,5,0
26,0,1,1,12,12,5,1,3,1,1,2,1,0,0,3,0
89,0,2,7,12,12,5,1,2,1,2,2,1,0,0,9,0
76,0,1,7,6,6,1,2,2,1,2,2,1,0,0,7,0
36,0,1,0,12,12,1,2,3,2,2,2,1,0,0,3,0
77,0,1,3,12,12,1,3,3,1,1,2,1,0,0,10,0
32,1,1,3,14,12,3,3,3,4,1,1,1,0,0,12,0
72,1,1,1,12,12,1,3,3,1,2,2,1,0,0,8,0
39,0,1,1,12,17,1,3,2,10,1,1,2,8,4,10,1
71,0,1,7,9,10,1,1,3,1,2,2,1,0,0,9,0
31,1,1,6,20,9,0,1,2,1,2,1,2,0,2,10,1
69,1,1,2,18,12,1,1,4,1,1,2,1,0,0,10,1
35,1,3,11,0,0,1,1,1,1,2,1,2,8,4,1,0
80,1,1,1,8,8,1,3,4,1,1,2,1,0,0,8,1
49,1,1,2,16,16,1,2,3,1,1,2,1,0,0,10,1
42,1,1,1,12,12,1,3,3,1,2,2,1,0,0,4,0
36,0,3,14,0,1,1,2,1,2,1,1,2,8,4,12,0
71,1,1,6,12,12,7,3,2,1,1,2,1,0,0,4,0
64,1,1,3,8,12,8,3,1,4,2,2,1,0,0,7,0
57,1,1,1,6,12,1,2,3,1,2,2,1,0,0,12,0
24,0,1,1,11,12,1,3,3,4,2,2,1,0,0,2,0
47,0,1,0,12,12,1,2,3,2,2,2,1,0,2,10,0
23,1,1,1,13,12,1,3,3,4,1,2,1,0,0,1,0
46,1,1,0,10,12,8,3,2,1,2,2,1,0,0,10,0
57,1,1,5,12,12,1,2,3,11,1,2,1,0,0,12,0
50,0,1,2,15,12,4,2,3,2,1,2,1,0,0,2,1
34,0,1,2,12,13,5,1,2,1,1,1,1,0,0,7,0
49,0,1,4,16,14,1,1,3,1,1,2,1,0,0,12,0
30,0,3,6,12,12,5,2,1,2,1,1,1,0,0,5,0
29,1,1,3,12,14,5,3,3,4,1,2,1,0,0,7,0
61,0,1,6,12,12,1,1,2,1,1,2,1,0,0,12,0
29,0,3,1,15,17,0,2,1,7,1,1,2,8,4,9,1
21,1,1,1,12,12,1,3,4,4,2,2,1,0,0,7,0
24,1,1,3,12,16,1,3,3,4,1,2,1,0,0,7,0
34,0,1,0,12,12,8,1,2,1,2,2,1,0,0,5,1
25,0,1,1,12,16,5,3,2,4,1,1,1,0,0,1,0
21,1,1,2,16,16,1,2,4,2,1,1,1,0,0,10,0
22,1,1,2,16,19,1,2,4,2,1,2,1,0,0,4,0
38,1,1,4,12,12,1,1,2,1,2,2,1,0,0,1,0
70,1,1,4,12,12,1,1,3,1,1,2,1,0,0,5,0
33,0,1,3,12,14,1,1,1,1,1,1,1,0,1,9,0
75,0,1,4,12,12,5,2,1,1,1,2,1,0,0,2,0
56,1,1,1,16,12,6,3,3,1,1,2,1,0,0,3,0
68,1,1,2,16,14,1,2,3,1,1,2,1,0,0,1,1
39,0,1,2,12,12,5,3,2,1,1,2,1,0,0,4,0
54,0,1,3,14,12,1,3,3,1,2,2,1,0,0,4,0
60,1,1,5,6,5,1,3,1,4,2,2,1,0,0,9,0
60,1,1,3,8,12,1,1,4,1,1,2,1,0,0,4,0
36,1,1,2,14,16,1,1,4,1,1,2,1,0,0,12,1
31,0,1,0,10,12,1,1,2,1,1,2,1,0,0,6,0
41,0,2,5,12,12,7,2,2,1,1,2,1,0,0,3,1
29,0,1,2,12,13,1,3,3,4,1,1,1,0,0,9,0
38,0,1,1,12,12,1,2,3,2,1,2,1,0,0,6,1
42,0,1,1,12,12,5,1,2,1,1,2,1,0,0,2,0
69,0,1,1,12,12,1,1,3,1,2,2,1,0,0,6,0
29,0,2,0,12,16,1,1,3,1,1,2,1,0,0,12,1
33,1,3,7,3,5,1,2,3,2,1,2,2,8,4,3,0
27,1,1,0,12,12,5,2,2,11,1,2,1,0,0,7,0
42,1,1,0,10,14,1,3,3,1,2,1,1,0,2,8,0
57,1,1,3,12,18,1,2,4,2,1,1,1,0,1,12,1
41,0,1,4,18,20,1,3,4,1,1,2,1,0,0,10,1
70,0,1,3,17,12,1,1,3,1,1,2,1,0,0,9,1
31,1,1,2,12,14,5,2,2,2,1,2,1,0,0,5,0
68,0,1,3,8,9,1,1,2,1,2,2,1,0,0,5,0
38,0,1,1,16,12,1,1,2,1,2,2,1,0,0,2,1
57,1,1,1,16,12,1,3,3,1,1,2,1,0,0,5,0
38,1,1,3,12,12,3,2,2,1,1,2,1,0,0,7,0
30,0,1,2,14,14,1,1,4,1,1,2,1,0,0,6,1
68,1,1,4,5,12,1,3,3,1,1,2,1,0,0,9,0
75,0,1,7,12,12,5,1,2,1,2,2,1,0,0,11,0
82,1,1,10,12,7,1,1,3,1,2,2,1,0,0,3,0
71,1,1,7,12,12,4,1,4,1,1,2,1,0,0,1,0
44,1,1,9,10,12,4,1,3,1,1,2,1,0,0,7,0
82,0,1,3,12,13,1,1,2,1,1,2,1,0,0,4,0
69,0,3,2,12,12,1,3,3,4,2,1,2,8,4,5,0
40,1,2,3,12,12,5,1,3,1,1,2,1,0,0,9,1
61,0,2,4,12,12,1,1,1,1,2,2,1,0,0,7,0
70,1,1,1,12,12,0,1,3,1,1,2,1,3,0,3,0
57,0,1,2,14,15,1,2,4,5,2,2,1,0,2,12,0
37,0,1,3,18,9,1,2,2,2,1,1,1,0,0,12,1
64,1,2,5,12,12,1,1,2,1,1,1,1,0,0,10,1
74,0,2,2,7,8,1,1,2,1,1,2,1,0,0,4,1
71,0,2,0,12,12,7,2,2,1,2,2,1,0,0,2,0
22,1,1,1,12,16,5,1,3,1,1,2,1,0,0,5,0
26,0,1,1,6,10,8,1,5,1,1,1,1,0,0,8,0
52,0,1,3,8,12,4,1,3,1,1,2,1,0,0,9,0
84,0,2,6,3,2,1,1,2,1,2,2,1,0,0,11,0
22,1,3,6,12,12,5,1,3,1,1,2,1,0,0,11,0
28,1,2,3,12,13,5,1,3,1,1,2,1,0,0,6,0
60,0,1,2,12,12,1,3,2,1,1,2,1,0,0,11,0
31,0,2,7,14,11,1,1,1,1,1,1,1,0,0,6,0
45,1,2,2,12,12,4,1,3,1,1,2,1,0,0,3,0
49,1,2,2,12,12,1,1,1,1,1,2,1,0,0,8,0
32,0,1,4,12,7,5,2,3,1,1,2,1,0,0,4,0
43,0,2,9,12,14,5,3,1,4,1,2,1,0,0,1,0
45,0,2,12,12,12,7,2,4,1,1,2,1,0,0,8,0
65,1,1,6,12,12,3,2,3,2,1,2,1,0,0,7,0
32,0,1,3,12,16,1,1,3,1,1,2,1,0,0,11,0
23,0,1,2,12,12,1,2,2,1,1,2,1,0,0,1,0
52,1,1,0,12,12,1,1,3,1,1,2,1,0,0,12,1
58,0,1,2,12,12,1,1,3,1,2,2,1,0,0,7,1
21,0,1,5,12,12,7,3,3,4,1,2,1,0,3,6,0
77,0,1,0,8,12,1,1,3,1,1,2,1,0,1,12,1
86,1,1,5,4,5,2,1,1,1,2,2,1,0,0,4,0
52,0,1,4,8,12,1,2,2,2,1,2,1,0,0,6,0
66,1,1,0,9,12,1,1,3,1,1,2,1,0,0,2,1
72,0,1,1,8,6,1,1,3,1,1,2,1,0,0,5,0
47,0,1,1,12,14,5,1,2,1,1,2,1,0,0,7,0
58,1,1,1,11,10,1,1,4,1,1,2,1,0,0,8,1
35,0,2,5,12,9,5,2,1,2,1,2,2,8,4,7,1
50,0,2,12,16,16,0,2,2,1,1,1,1,0,2,5,0
84,0,1,1,18,7,1,1,3,1,2,2,1,0,0,2,1
22,1,2,2,12,16,5,2,2,1,1,2,1,0,0,9,0
29,0,2,4,16,16,3,1,4,1,1,1,1,0,0,7,1
26,1,2,8,12,12,5,2,2,1,2,2,1,0,0,9,0
24,0,1,1,12,12,1,3,3,4,1,2,1,0,0,8,1
38,1,1,2,12,14,1,1,4,1,1,2,1,0,0,10,0
31,1,1,3,12,18,5,1,4,1,1,1,1,0,0,4,1
31,0,1,7,12,15,5,1,3,1,1,1,1,0,0,7,1
30,0,2,3,12,20,5,3,4,4,1,1,1,0,0,6,1
46,1,1,1,18,16,1,3,4,1,1,2,1,0,0,4,1
49,1,2,2,12,12,1,1,3,1,1,2,1,0,0,6,1
29,1,1,1,12,12,8,3,3,4,1,2,1,0,1,8,0
45,0,1,5,12,9,3,2,2,2,1,2,1,0,2,3,0
67,1,2,1,12,6,5,1,1,1,1,1,1,0,0,5,0
34,0,1,2,12,8,3,1,2,1,1,2,1,1,1,11,0
82,1,2,11,12,0,7,1,1,1,2,2,1,0,0,4,0
44,1,3,6,16,12,1,2,2,2,1,2,2,2,4,4,0
48,0,1,3,16,12,1,3,3,4,1,2,1,0,0,8,1
24,0,1,3,12,12,3,1,2,1,1,2,1,0,0,4,0
56,1,1,8,16,12,1,1,3,1,2,2,2,0,0,5,0
65,1,1,6,12,12,1,2,3,1,1,2,1,0,0,4,0
48,0,2,8,12,9,5,1,1,1,1,2,1,0,0,5,0
27,0,2,2,12,16,5,1,3,1,1,1,1,0,0,4,0
55,0,2,2,18,16,1,1,4,1,1,2,1,0,0,6,1
25,1,1,1,16,13,0,3,4,1,1,1,1,0,0,9,0
55,0,2,6,12,10,5,2,4,1,1,2,1,0,0,8,0
71,0,1,1,12,12,1,2,3,1,1,2,1,0,0,5,0
26,1,1,5,12,12,0,2,3,1,1,2,1,0,0,12,0
59,0,1,1,12,12,1,1,3,1,2,2,1,0,0,5,0
56,0,1,5,20,13,1,2,3,2,2,2,1,0,4,10,0
58,0,1,4,8,12,1,2,5,2,2,1,1,0,0,10,1
27,0,2,6,12,13,5,2,3,1,1,2,1,0,0,7,0
69,0,2,1,12,9,1,1,2,1,1,1,1,0,0,12,0
30,0,1,2,16,16,1,3,3,1,1,2,1,0,0,9,0
71,0,1,1,12,7,5,2,1,1,1,1,1,0,2,5,1
53,0,2,3,12,12,1,2,1,2,2,1,2,8,4,4,0
34,0,2,1,16,12,4,1,4,1,1,2,1,0,0,8,0
37,0,1,1,16,9,0,1,1,1,1,2,1,0,0,4,0
29,0,2,7,12,12,8,1,3,1,1,2,1,0,0,5,0
63,0,1,2,12,12,1,3,3,1,1,2,2,8,4,5,0
32,0,2,7,12,12,5,1,2,1,1,2,1,0,0,7,0
33,1,2,1,14,14,1,2,3,2,1,1,1,0,0,8,1
79,0,2,9,12,12,3,1,1,1,1,2,2,0,0,3,0
22,1,2,3,12,12,6,3,3,4,1,2,1,0,0,12,0
24,0,1,1,12,12,1,2,3,2,1,1,1,0,0,12,0
31,0,1,0,16,16,1,3,4,1,1,1,1,0,0,11,1
43,0,1,1,16,12,1,2,3,2,1,1,1,0,0,4,1
56,0,1,2,16,16,1,2,3,1,1,2,1,0,0,11,1
54,1,1,1,12,14,3,3,5,1,2,2,1,0,0,7,0
47,1,1,2,14,12,1,3,3,1,1,2,2,2,2,5,0
72,0,1,3,12,12,1,2,3,2,1,2,1,0,4,8,1
60,1,1,4,16,14,1,2,3,2,1,2,1,0,2,4,1
34,1,1,3,12,10,5,3,2,4,1,2,1,0,0,9,1
38,1,1,1,12,16,1,3,4,3,1,1,1,0,0,2,1
58,0,1,0,12,16,5,3,3,1,1,2,1,0,0,1,1
67,0,1,0,16,16,1,2,4,2,2,2,1,0,0,3,1
39,0,3,11,12,5,7,1,1,1,1,1,1,1,4,5,0
75,0,1,1,12,12,5,2,2,2,1,2,1,0,0,11,0
65,0,1,10,10,11,1,3,1,4,1,2,1,0,0,11,0
56,1,1,1,12,12,5,2,3,1,1,2,1,0,0,2,0
35,0,3,2,12,15,5,1,1,1,1,2,1,0,0,12,0
57,0,2,13,12,16,5,2,3,1,1,1,1,1,3,12,1
63,1,2,2,12,12,1,2,3,2,1,2,2,8,4,5,0
29,1,1,3,12,12,5,2,3,2,1,1,1,8,4,7,0
66,0,1,4,12,12,1,2,4,2,1,2,1,0,1,1,0
58,0,1,4,12,6,5,2,1,1,1,2,1,0,0,2,0
77,0,1,1,7,6,1,2,1,2,2,2,1,0,3,2,1
38,1,3,6,0,6,1,2,1,2,2,1,2,8,4,10,0
34,0,1,7,12,12,5,1,2,1,1,1,1,0,3,9,0
27,0,2,3,12,12,7,2,1,1,1,2,1,0,0,8,0
46,0,1,6,0,0,1,2,2,2,1,1,2,8,4,5,0
45,0,1,3,12,12,7,2,2,2,1,2,1,0,0,11,0
23,0,1,3,12,6,5,2,2,2,1,1,1,8,4,10,0
25,0,2,7,12,16,5,1,3,1,1,2,1,0,0,7,0
23,0,3,1,10,12,1,2,4,2,1,2,1,8,4,10,0
57,1,1,2,12,10,5,2,2,2,1,2,1,0,0,9,0
58,0,1,3,16,12,1,2,4,2,2,2,1,0,0,3,0
50,0,1,2,12,12,6,2,4,2,1,2,1,0,0,1,0
70,1,2,8,12,12,1,1,1,1,1,2,1,0,0,11,0
58,0,1,2,12,14,1,3,3,4,1,2,1,0,0,5,0
68,0,1,10,12,0,8,2,2,2,2,1,1,1,0,1,0
25,0,1,6,12,12,2,2,3,5,1,2,1,0,0,3,0
68,0,1,6,9,5,1,1,2,1,2,1,1,0,0,5,0
54,0,1,6,12,11,1,1,3,1,2,2,2,0,0,6,0
30,0,1,5,16,12,4,2,2,1,1,2,1,0,2,6,0
64,0,1,0,12,12,1,1,3,1,1,2,1,0,0,8,0
58,1,1,2,6,12,1,1,3,1,1,2,1,0,0,1,0
69,0,2,10,12,12,3,1,2,1,2,2,1,0,0,5,0
56,0,1,4,16,12,1,1,3,1,1,2,1,0,0,8,0
69,0,1,2,12,16,0,1,4,1,1,2,1,0,2,2,0
46,1,1,3,5,12,1,1,2,1,2,2,1,0,0,5,0
34,1,1,9,12,12,3,3,2,4,2,2,1,0,0,3,0
67,0,1,3,7,14,1,1,3,1,1,2,1,0,0,2,0
40,0,1,1,12,10,0,1,3,1,1,2,1,0,0,7,0
44,0,1,2,12,12,3,1,2,1,1,2,1,0,0,9,0
32,0,2,6,12,14,5,1,2,1,1,2,1,0,0,9,0
33,1,2,3,9,12,1,1,5,1,1,2,1,0,0,5,0
35,1,3,6,0,8,1,2,3,2,2,1,2,8,4,12,0
70,0,3,8,11,12,1,1,3,1,1,1,1,0,0,4,0
59,1,2,0,12,12,7,2,1,1,1,2,1,0,0,2,0
32,0,2,4,16,12,1,3,3,4,1,2,1,0,2,11,0
53,1,2,6,10,12,3,1,1,1,1,1,2,8,4,8,0
39,0,2,2,12,12,1,2,4,1,1,2,1,0,0,12,0
43,0,2,6,12,15,5,2,2,2,1,1,1,0,0,6,1
26,1,2,3,12,16,5,3,3,4,1,2,1,0,0,6,0
64,1,3,4,10,3,1,1,2,1,2,1,1,0,0,5,1
62,0,1,2,12,9,1,1,2,1,1,2,1,0,0,10,0
72,1,1,2,6,10,3,1,3,1,1,2,1,0,0,9,1
58,0,1,3,12,12,1,1,3,1,2,2,1,0,0,10,0
22,0,1,5,11,13,1,1,1,1,1,2,1,0,0,10,0
60,1,3,7,6,6,1,3,2,1,1,2,1,0,0,9,0
42,1,1,1,13,12,1,1,3,1,1,2,1,0,0,5,0
62,1,1,3,5,12,1,2,3,1,2,1,1,2,3,8,1
39,0,1,1,11,9,1,1,3,1,1,2,1,0,0,8,0
24,0,1,7,12,14,3,1,2,1,1,2,1,0,0,6,0
38,0,2,7,10,11,1,1,1,1,2,2,1,0,0,5,0
39,0,1,1,12,10,1,1,3,1,1,2,1,0,0,6,0
32,0,1,1,12,16,1,2,3,1,1,2,1,0,0,2,1
85,1,1,9,0,0,0,2,5,1,1,2,1,0,0,2,1
88,1,1,4,3,7,1,1,3,1,2,2,1,0,0,1,0
44,0,1,1,16,14,3,2,3,1,1,2,1,0,1,7,1
32,0,2,5,16,16,1,1,3,1,1,1,1,0,0,10,0
60,0,2,3,11,12,3,1,3,1,1,2,1,0,0,4,1
72,0,2,3,12,15,1,1,3,1,1,2,1,0,1,5,1
61,0,1,3,12,14,1,1,3,1,1,2,1,0,0,9,1
27,0,2,1,12,12,3,1,3,1,1,2,1,0,0,5,0
42,1,2,1,11,12,1,2,2,1,1,2,1,0,0,3,0
51,1,2,2,12,11,5,1,2,1,1,2,1,0,0,6,1
38,1,1,3,15,12,1,1,2,1,2,2,1,0,0,5,0
44,0,1,6,12,11,3,1,4,1,1,2,1,0,0,2,0
37,1,2,8,12,12,5,1,2,1,1,1,1,0,0,6,1
73,0,2,10,12,9,5,1,2,1,1,2,1,0,0,5,0
21,1,2,3,12,18,1,1,2,1,1,2,1,0,0,5,0
60,1,3,9,12,12,5,2,2,1,1,2,1,0,0,5,0
70,0,2,7,12,9,7,1,1,1,1,2,1,0,0,12,0
70,0,2,10,0,0,1,1,2,1,1,2,1,0,0,5,1
89,1,2,1,12,16,1,1,1,1,1,2,1,0,0,6,0
35,0,2,6,11,11,1,1,2,1,1,2,1,0,0,4,0
51,0,2,3,3,12,1,1,4,1,1,2,1,0,0,10,0
37,0,1,2,12,12,1,2,3,1,2,2,1,0,0,6,0
71,1,1,0,12,9,1,1,2,1,2,2,1,0,0,9,0
35,1,1,4,7,7,1,1,1,1,2,2,1,0,0,5,0
78,1,1,2,5,12,1,3,3,1,1,2,1,0,0,8,0
32,1,1,1,12,12,5,1,4,1,1,2,1,0,0,11,0
62,1,1,8,16,12,1,2,4,2,2,2,1,0,0,7,0
41,0,2,1,14,12,4,2,4,1,1,1,1,0,0,8,1
36,0,1,1,16,16,1,3,3,1,1,1,1,0,0,7,0
36,0,2,11,12,20,7,1,3,1,1,2,1,0,0,5,0
85,1,1,6,8,12,1,1,2,1,2,2,1,0,0,4,0
71,1,2,5,12,5,5,1,2,1,1,2,1,0,0,10,1
30,1,1,2,12,16,1,2,3,1,1,2,1,0,0,8,1
81,0,1,7,12,8,1,3,3,1,1,2,1,0,0,8,0
88,1,3,10,11,0,1,2,3,7,2,1,2,8,4,12,0
76,0,1,3,12,12,1,2,3,2,1,2,1,0,1,9,1
59,0,1,3,16,13,1,3,4,1,1,2,1,0,0,5,1
88,0,1,3,6,6,1,3,1,1,2,2,1,0,0,11,0
64,0,1,3,12,6,1,1,3,1,1,2,1,0,0,12,0
75,0,1,1,15,16,0,1,3,1,1,1,1,0,0,7,0
55,0,1,4,0,12,6,1,3,1,1,2,1,0,0,3,0
55,0,1,4,4,5,1,2,2,1,2,2,1,0,0,5,0
61,1,3,5,20,12,1,2,2,12,1,1,1,0,0,11,1
38,1,1,2,8,12,1,1,1,1,1,1,1,0,0,7,0
50,0,2,2,13,14,1,2,3,2,1,1,1,0,0,4,1
54,0,2,5,12,12,1,1,3,1,1,2,1,0,0,8,1
80,0,1,5,12,12,1,2,5,2,1,1,2,8,4,1,0
33,0,2,1,12,14,1,3,3,4,1,2,1,0,0,12,1
25,1,1,1,14,16,3,2,4,2,1,2,1,1,2,10,0
22,1,3,1,11,14,1,3,3,4,1,1,1,8,4,9,0
38,0,1,7,10,14,1,1,5,1,1,2,1,0,0,7,0
25,1,1,5,12,12,4,3,3,4,1,2,1,0,0,6,0
63,1,1,3,9,12,1,3,1,4,1,1,2,8,4,7,0
22,1,1,1,16,13,1,2,3,2,1,2,1,0,0,1,0
40,0,3,4,16,16,1,2,3,6,2,1,2,8,4,7,0
69,0,1,1,11,8,1,2,2,2,1,2,1,0,0,2,0
54,1,1,2,12,12,1,1,2,1,1,1,1,0,0,4,0
34,1,1,6,12,12,5,2,2,1,1,2,1,0,0,1,0
59,0,1,7,18,14,1,2,4,2,2,2,1,0,0,9,1
59,1,1,7,12,20,5,1,3,1,1,2,1,0,0,8,1
44,0,1,10,12,12,5,2,2,2,1,2,1,0,0,3,1
34,1,1,1,13,18,1,2,4,2,1,2,1,0,0,11,1
35,0,1,3,19,20,1,2,5,2,1,1,1,0,1,10,1
42,0,1,3,20,14,1,2,5,2,1,2,1,0,0,12,1
86,1,1,6,8,8,1,2,3,2,2,2,1,0,1,10,0
32,0,1,8,13,16,1,1,3,1,1,1,1,0,0,8,0
61,0,1,2,10,11,1,3,2,1,1,2,1,0,0,4,0
39,1,1,8,9,12,1,2,3,1,1,2,1,0,0,6,0
71,0,1,6,12,12,1,2,3,2,2,2,1,0,1,12,0
49,0,1,9,12,6,5,3,1,4,2,2,1,0,0,5,0
23,1,1,2,14,12,1,2,3,1,1,2,1,0,0,1,0
56,0,1,11,12,12,1,1,2,1,2,2,1,1,2,2,0
47,1,1,4,12,12,3,1,3,1,1,2,1,0,0,1,0
89,0,1,3,12,12,5,1,3,1,1,2,1,0,0,10,0
66,0,1,1,12,16,1,3,4,1,1,2,1,0,0,12,0
54,0,1,2,11,8,1,2,3,2,2,2,1,0,1,7,1
33,1,1,1,15,12,1,3,3,4,1,2,1,0,0,10,1
53,0,1,3,12,12,7,3,3,1,1,2,1,0,0,9,0
76,1,1,3,12,9,1,1,3,1,1,2,1,0,0,8,0
86,0,1,2,8,10,1,1,2,1,1,2,1,0,0,11,0
61,1,1,3,12,10,1,1,4,1,1,2,1,0,0,11,1
71,0,1,3,12,14,1,3,3,1,1,1,1,0,0,3,1
42,1,1,1,12,12,1,3,3,1,2,2,1,0,0,11,0
23,0,1,1,12,12,8,2,3,1,1,2,1,4,0,4,0
44,1,1,1,7,10,1,1,1,1,1,2,1,0,0,5,0
63,1,1,8,12,4,1,2,2,1,2,1,1,0,0,11,0
68,0,1,1,12,12,8,1,3,1,2,2,1,0,0,3,0
30,0,1,3,12,12,1,1,4,1,1,2,1,0,0,7,0
82,0,1,2,13,13,1,1,3,1,2,2,1,0,0,7,0
43,0,1,2,12,17,5,2,3,2,1,2,1,0,1,2,0
26,0,1,2,12,9,5,1,1,1,1,2,1,0,0,10,0
57,0,1,6,12,12,5,1,2,1,2,2,1,0,0,1,0
42,0,1,1,13,12,3,3,4,1,1,2,1,0,0,3,0
42,1,1,2,12,12,1,1,1,1,2,2,1,0,0,9,1
74,1,1,6,12,12,1,1,3,1,2,2,1,0,0,7,0
47,1,1,1,12,12,1,2,3,1,1,2,2,0,0,3,0
65,1,1,2,18,12,1,3,4,1,2,2,1,0,0,12,1
37,1,1,4,11,16,3,3,2,1,1,2,1,0,0,2,0
89,1,1,7,12,12,8,3,2,1,2,2,1,0,0,6,0
44,1,1,7,8,14,3,1,3,1,1,2,1,0,0,7,0
77,0,1,2,9,9,1,1,2,1,1,2,1,0,0,6,0
23,1,1,1,14,14,1,1,3,1,1,2,1,0,0,10,0
55,0,1,2,12,12,1,2,4,2,1,2,1,0,0,9,1
37,1,1,3,12,18,1,2,3,2,1,2,1,0,0,11,0
81,0,1,5,6,6,1,3,3,1,2,2,1,0,1,8,0
60,0,1,1,12,12,1,3,3,1,1,2,1,0,0,7,0
54,0,1,5,12,8,5,1,1,1,1,2,1,0,0,5,0
43,1,1,2,12,13,1,2,4,1,2,2,1,0,0,2,1
43,0,2,3,0,3,1,3,1,10,2,1,2,8,4,12,0
21,1,1,2,12,12,5,1,3,1,1,2,1,0,0,4,0
51,0,1,1,12,20,5,3,2,4,1,2,1,0,0,4,1
36,1,1,1,12,14,1,1,3,1,1,2,1,0,0,9,1
69,1,1,1,8,8,1,2,2,2,1,2,1,0,0,10,1
74,1,1,2,12,12,1,2,3,2,1,2,1,0,4,8,1
69,1,1,1,8,12,1,3,2,1,1,2,1,0,1,3,1
34,0,1,2,12,12,1,3,3,4,1,1,1,0,0,6,0
30,0,1,2,12,16,1,3,3,1,1,2,1,0,0,3,1
73,1,1,1,12,12,3,2,3,2,1,2,1,0,2,11,1
34,1,1,1,12,16,2,2,2,2,1,2,1,0,0,3,0
34,1,1,1,14,18,1,3,4,10,1,1,1,1,4,1,1
39,1,1,3,14,15,1,3,3,1,1,2,1,0,0,8,1
34,1,1,1,12,12,1,2,3,2,1,2,1,0,0,5,0
65,0,1,11,7,10,8,1,2,1,1,2,1,0,0,10,0
46,0,1,1,12,12,1,2,3,1,1,2,1,0,0,3,0
37,1,1,7,13,14,3,1,1,1,1,2,1,0,0,5,1
22,1,1,2,12,18,3,3,2,4,1,2,1,0,0,8,0
55,1,1,3,12,12,5,3,1,1,1,2,1,0,0,3,0
59,0,1,3,12,12,1,2,2,2,2,2,1,0,4,6,0
69,1,1,4,20,12,1,3,3,10,2,2,1,0,4,3,1
55,0,1,2,15,12,3,2,3,2,1,2,1,0,2,7,0
78,1,1,4,10,9,1,2,1,2,1,2,1,0,4,10,0
88,0,1,1,10,9,1,1,3,1,1,1,1,2,4,12,1
57,0,1,2,9,9,1,2,1,2,2,2,1,2,4,2,1
41,1,1,3,12,12,1,3,2,4,2,2,1,0,0,3,0
41,0,1,5,12,12,1,2,3,2,2,1,1,0,0,5,0
56,0,1,3,12,11,1,1,4,1,1,1,1,0,1,3,0
28,1,2,8,12,12,5,1,3,1,1,2,1,0,1,2,0
25,0,1,5,20,12,8,3,3,4,1,1,1,0,0,7,0
44,1,1,3,12,13,5,3,1,1,1,2,1,0,0,9,0
34,0,2,7,12,16,1,2,2,1,1,2,1,0,0,8,0
58,1,1,2,18,12,1,3,4,1,1,2,1,0,2,7,1
57,1,2,2,12,12,3,2,2,1,1,2,1,0,0,4,0
68,1,1,5,12,16,0,1,3,1,2,2,1,8,0,4,0
43,1,1,3,18,16,1,2,2,1,2,1,1,0,2,12,1
64,1,1,2,18,12,1,3,2,4,2,2,1,0,1,1,1
43,1,1,2,12,12,3,2,3,2,1,2,1,0,1,2,0
28,0,3,2,13,13,1,3,3,3,2,1,2,8,4,7,1
23,0,1,1,12,12,1,2,2,2,1,2,1,0,0,8,1
51,1,1,1,12,12,1,2,4,1,1,2,1,0,0,5,0
37,0,1,1,12,12,5,2,2,2,1,2,1,0,2,8,0
31,1,1,1,12,10,1,2,3,1,1,1,1,0,0,5,0
44,0,1,1,12,14,1,2,3,2,1,2,1,0,1,5,1
24,1,1,2,10,12,2,3,3,1,1,1,1,0,0,2,0
22,1,1,2,18,16,1,2,4,1,2,1,1,0,0,7,0
22,1,1,1,18,14,1,3,4,1,2,1,1,0,0,1,0
24,1,2,1,14,14,1,3,4,1,1,2,1,0,0,2,1
23,1,1,3,12,12,4,2,3,2,1,2,1,0,2,7,0
40,0,1,1,16,14,1,3,4,4,1,2,1,0,0,11,0
78,0,1,5,12,12,2,2,3,2,1,2,1,0,2,5,0
62,1,1,3,12,12,5,2,3,2,1,2,1,0,0,6,0
55,1,1,1,16,18,3,3,5,4,1,2,1,0,1,12,0
27,1,1,8,12,12,8,3,2,4,1,2,1,0,0,7,0
25,0,3,3,12,13,5,2,1,1,1,2,1,0,2,8,0
52,1,1,2,14,16,1,3,4,4,1,2,1,0,2,11,1
54,1,2,12,12,12,3,1,3,1,1,2,1,0,0,10,0
76,0,1,4,8,6,1,2,3,2,2,2,1,0,2,1,0
52,1,1,1,15,12,1,3,3,1,2,2,1,0,0,8,0
41,1,2,10,12,12,5,2,2,1,2,2,1,0,0,1,1
50,0,1,2,12,12,5,3,2,1,1,2,1,0,0,3,1
43,0,1,2,12,12,1,1,3,1,1,2,1,0,0,5,1
69,1,1,0,12,12,1,3,3,1,1,2,1,0,0,8,0
51,0,1,2,12,10,1,1,3,1,1,2,1,0,0,11,0
74,1,1,1,12,12,1,3,3,1,1,2,1,0,0,11,0
48,0,1,2,12,14,1,1,1,1,1,2,1,2,4,9,0
63,0,1,2,7,11,1,3,3,4,1,1,1,0,0,10,0
59,0,1,1,12,14,1,2,4,1,1,2,1,0,0,10,1
24,1,1,6,12,13,2,1,3,1,1,2,1,0,0,6,1
65,1,1,6,12,12,1,1,2,1,2,2,1,0,0,7,0
63,0,2,8,12,12,5,1,3,1,2,2,1,0,0,4,0
39,0,1,1,12,16,1,2,3,1,1,2,1,0,0,5,1
66,0,2,6,10,11,1,2,1,1,1,2,1,0,0,10,0
38,1,1,0,12,12,1,3,3,1,1,2,1,0,0,1,1
63,0,1,7,8,8,1,1,1,1,1,2,1,0,0,3,1
89,0,1,6,8,12,1,3,2,1,1,2,1,0,0,6,0
63,1,2,13,12,12,1,1,2,1,1,2,1,0,0,5,0
58,1,1,4,12,12,1,3,2,4,1,2,1,0,0,7,0
25,1,1,13,12,12,0,2,2,11,1,2,1,0,3,7,0
51,1,1,5,12,14,1,1,3,1,2,2,1,0,0,2,0
69,0,1,4,12,9,1,3,2,4,2,2,1,0,0,7,0
45,0,1,3,12,12,4,1,3,1,1,2,1,0,0,1,1
58,0,1,8,13,12,1,2,3,2,2,2,1,0,0,8,1
73,0,1,7,12,12,8,2,2,2,1,2,1,0,0,4,0
64,0,1,7,12,10,5,2,1,2,1,2,1,0,0,5,0
35,0,1,1,12,12,1,2,4,1,1,2,1,0,0,7,1
68,1,1,4,8,10,1,3,2,1,1,2,1,0,0,9,0
61,0,1,4,12,11,1,3,3,1,2,1,1,0,0,7,1
86,0,1,1,5,12,1,2,3,2,1,2,1,0,3,7,1
54,1,1,2,12,12,1,2,3,1,1,2,1,0,0,3,0
47,0,1,2,12,16,1,1,3,1,1,2,1,0,0,11,1
65,0,1,6,12,12,5,2,3,2,1,2,1,0,0,8,0
63,1,1,2,12,8,1,2,3,1,1,2,1,0,0,6,1
67,0,1,1,7,12,1,3,3,1,2,2,1,0,1,2,0
64,1,1,4,12,12,4,2,3,2,1,2,1,0,2,4,0
23,0,1,6,13,20,3,1,3,1,1,2,1,0,2,2,0
27,1,2,2,12,12,5,2,3,1,1,2,1,0,0,4,0
26,0,1,8,16,16,1,2,2,2,2,1,1,0,1,8,0
41,1,1,1,12,12,1,2,3,2,2,2,1,0,0,4,0
54,1,1,4,12,12,1,3,2,1,2,2,1,0,0,7,0
86,0,1,3,9,10,1,2,2,2,2,2,1,0,0,5,1
68,0,1,8,12,12,2,1,2,1,1,2,1,0,1,9,0
54,0,1,4,20,12,1,2,5,2,2,1,1,0,2,9,0
51,1,3,6,12,0,1,2,3,2,2,2,2,8,4,5,0
61,1,1,0,12,12,5,2,2,1,1,2,1,3,0,6,0
89,1,1,2,8,12,1,1,3,1,2,1,1,0,2,7,0
54,0,1,2,12,12,1,2,3,1,1,2,1,0,0,7,0
72,1,1,3,12,12,1,1,3,1,1,1,1,0,0,5,1
59,1,1,3,8,12,1,3,3,1,1,2,1,0,0,9,1
31,0,1,6,18,14,1,1,4,1,1,1,1,0,4,11,0
23,0,1,2,12,14,1,2,3,1,1,2,1,0,0,12,0
55,0,1,3,12,14,1,3,3,1,2,2,1,0,0,5,0
34,0,1,1,16,16,1,3,2,1,1,2,1,0,0,3,1
37,0,1,7,10,8,1,2,2,11,1,2,1,0,2,4,0
30,0,1,2,14,16,1,2,4,2,1,2,1,0,0,9,1
33,0,1,1,16,16,1,2,3,1,1,1,1,0,0,2,1
48,1,1,7,12,14,1,2,3,1,1,2,1,0,0,6,1
60,0,1,6,12,12,1,2,2,2,1,2,1,0,2,12,1
47,0,1,7,18,12,1,2,4,2,1,1,1,0,0,12,1
52,0,1,4,10,12,1,2,3,1,1,2,1,0,0,7,0
67,1,1,4,12,8,1,2,3,2,2,2,1,0,0,6,0
29,1,1,2,13,12,4,1,2,1,1,1,1,0,2,2,0
31,0,1,2,12,16,1,1,3,1,1,1,1,0,0,7,0
36,1,1,2,12,14,1,2,3,1,1,2,1,0,0,3,1
64,0,1,4,12,12,1,2,3,1,2,2,1,0,1,7,0
89,0,1,3,8,8,1,1,3,1,1,2,1,0,0,6,1
63,0,1,2,12,12,5,1,3,1,1,2,1,0,0,7,1
24,1,2,7,9,11,1,2,3,1,1,2,1,0,0,9,0
35,0,1,9,12,12,5,3,3,1,1,1,1,0,0,8,0
82,0,1,1,16,12,1,2,3,2,2,2,1,0,0,2,0
66,1,1,6,16,16,1,2,2,2,2,2,1,0,0,7,1
47,0,1,1,14,12,1,2,3,2,1,2,1,0,0,10,1
53,1,2,5,12,12,5,1,1,1,1,2,1,0,0,12,1
70,0,1,2,12,12,5,3,2,1,1,1,1,0,0,9,1
32,0,1,2,16,14,1,2,3,2,1,2,1,0,0,9,1
26,0,1,4,12,12,1,3,2,4,1,2,1,0,0,12,0
35,0,1,4,12,12,1,2,3,2,1,2,1,0,0,8,1
59,1,1,1,12,12,1,3,3,1,1,1,1,0,0,10,1
55,1,1,3,12,18,5,2,3,2,1,1,1,0,4,7,0
41,0,1,1,16,16,1,2,3,1,1,2,1,0,0,6,1
85,1,1,2,12,12,5,3,3,4,1,2,1,0,0,8,1
50,0,3,2,20,20,1,2,3,1,1,2,2,0,0,4,1
56,1,1,6,8,10,1,2,3,2,2,1,1,0,0,1,0
77,1,1,7,10,11,1,2,3,2,2,2,1,0,0,6,0
49,1,1,1,12,12,7,1,3,1,1,2,2,0,0,6,0
57,1,1,5,14,12,4,3,4,1,1,2,1,0,0,5,0
66,1,1,3,12,12,1,3,3,4,1,2,1,0,2,1,0
56,1,2,8,12,12,1,1,3,1,2,2,1,0,0,3,0
55,1,1,2,12,12,1,1,2,1,1,1,1,0,0,6,0
45,1,1,1,14,14,1,1,4,1,1,2,1,0,1,12,1
66,1,1,1,12,12,1,3,2,1,2,2,1,0,0,6,0
60,1,1,2,12,12,1,3,3,1,1,2,1,0,0,6,0
58,0,1,4,12,14,1,3,3,1,1,2,1,0,0,12,0
28,0,1,3,12,12,3,2,2,1,1,2,1,0,0,11,0
45,0,1,2,12,17,1,3,3,4,1,2,1,0,0,6,1
87,0,1,5,6,8,1,1,3,1,1,2,1,0,0,7,0
56,0,1,2,8,12,1,3,3,1,1,2,1,0,0,5,1
24,1,1,2,12,15,3,1,2,1,1,2,1,0,0,12,0
72,0,1,1,12,12,5,1,3,1,2,1,2,0,0,3,0
49,0,2,3,12,13,5,2,2,2,1,2,1,0,0,11,1
25,0,2,6,12,12,5,3,3,4,1,2,1,0,0,9,0
53,1,2,1,12,12,1,2,4,2,1,2,1,0,0,1,0
23,1,2,2,12,12,3,2,3,2,1,2,1,0,0,4,0
23,0,2,4,12,9,7,2,3,2,1,2,1,0,0,11,0
73,0,1,2,11,3,1,1,3,1,2,2,1,0,0,4,0
58,1,1,3,8,8,1,2,1,2,2,1,1,0,0,5,0
85,1,1,0,0,12,1,1,3,1,1,2,1,0,0,3,1
25,1,1,3,12,12,1,2,3,2,1,2,1,0,0,5,0
72,0,1,1,9,14,1,3,3,1,2,2,1,0,0,6,1
70,0,1,2,12,7,1,2,3,2,2,1,1,0,0,11,0
62,0,2,2,12,8,5,2,1,2,1,2,1,0,0,10,0
85,1,2,3,9,8,1,3,3,1,1,2,1,0,0,2,1
39,0,1,4,12,12,5,1,3,1,1,2,1,0,1,1,0
68,1,2,14,7,3,1,2,2,2,2,1,1,0,0,11,0
64,0,1,4,16,12,4,2,2,2,1,1,1,0,0,8,0
75,1,1,4,5,12,1,2,4,2,2,1,1,0,0,5,0
55,1,1,2,12,12,1,2,2,2,2,1,1,0,0,4,0
35,1,2,6,12,12,1,2,3,2,1,2,1,0,0,5,0
24,0,1,4,13,13,3,2,4,2,1,2,1,0,0,9,0
27,1,1,2,12,12,3,1,2,1,1,2,1,0,0,7,0
28,0,1,3,6,6,1,2,2,2,2,1,1,1,2,5,0
61,1,1,1,12,18,1,1,3,1,1,2,1,0,0,10,1
67,0,1,1,19,13,1,3,2,1,1,2,1,0,0,10,0
80,1,1,3,12,12,5,2,2,1,1,2,1,2,0,9,0
86,0,1,1,16,16,1,3,4,1,1,2,1,0,0,9,1
33,0,3,4,9,6,1,2,3,1,1,1,2,2,3,8,0
28,0,1,2,12,12,3,1,3,1,1,2,1,0,0,2,1
30,0,1,4,5,15,0,1,3,1,1,1,1,0,0,1,0
23,0,1,2,18,14,1,1,3,1,1,2,1,0,0,10,0
45,0,3,2,16,16,1,2,3,2,1,1,2,8,3,12,1
77,1,1,1,11,12,1,1,3,1,1,2,1,0,0,6,0
39,0,1,8,12,12,0,3,1,4,2,2,1,0,0,8,0
81,1,1,2,5,5,1,1,3,1,1,2,1,0,0,9,0
32,0,3,6,12,12,0,3,2,4,1,1,1,7,0,8,0
34,1,1,5,12,8,5,2,2,2,1,2,1,0,1,6,0
39,0,1,1,11,18,1,1,2,1,1,2,1,0,0,8,0
59,0,3,4,3,1,1,2,1,2,2,1,1,0,1,3,0
49,1,3,4,5,5,1,1,1,1,1,1,1,0,0,4,1
84,1,1,2,12,16,1,2,2,1,1,2,1,0,0,9,1
24,0,1,5,11,11,8,3,3,4,1,2,1,0,0,9,0
52,1,3,16,16,6,8,2,2,2,1,1,1,8,4,4,0
36,0,1,2,7,15,1,1,3,1,1,2,1,0,0,12,0
30,0,3,4,12,0,5,3,1,4,2,2,2,8,4,9,0
67,0,2,7,12,12,1,1,3,1,1,2,1,0,0,6,0
53,0,2,3,12,12,1,1,3,1,1,2,1,0,0,10,0
49,0,1,3,12,12,5,1,3,1,1,2,1,0,0,6,0
24,0,2,3,11,10,1,1,3,1,1,2,1,0,0,1,0
72,0,3,11,12,12,1,2,3,2,2,1,1,0,3,4,0
54,0,1,7,2,1,1,2,3,2,1,1,2,8,4,7,0
21,1,3,4,3,12,8,2,2,2,2,1,1,0,3,9,0
34,1,3,2,12,12,1,2,3,2,2,1,1,0,0,1,0
60,0,1,2,12,12,1,1,2,1,2,2,1,0,2,5,0
25,0,1,6,12,12,4,1,2,1,1,2,1,0,0,5,0
53,0,3,7,4,4,1,2,3,2,2,1,2,8,4,12,0
33,1,1,1,12,12,1,1,3,1,1,2,1,0,0,10,0
30,0,3,3,16,15,8,2,3,2,2,1,1,0,0,1,0
43,1,3,12,12,12,1,2,3,2,1,1,1,8,4,7,0
27,1,3,8,12,12,5,2,3,2,1,1,1,0,0,11,0
57,1,2,4,12,12,5,1,2,1,1,1,1,0,0,6,0
43,0,3,4,12,3,5,2,2,2,1,1,1,1,2,7,0
49,0,3,7,12,12,5,2,3,2,1,2,2,8,4,5,0
61,0,1,3,10,12,2,1,2,1,1,2,1,0,0,10,0
39,1,3,4,14,10,3,3,2,4,1,2,1,0,0,6,0
54,0,1,0,9,14,8,1,3,1,1,2,1,0,0,2,0
55,0,3,7,12,12,1,2,3,2,2,2,2,8,4,12,0
54,1,2,4,10,12,2,1,3,1,1,2,1,0,0,3,0
49,1,3,2,9,4,1,2,2,2,2,1,1,0,0,8,0
77,0,2,8,12,12,1,1,3,1,2,2,1,0,0,2,0
80,0,1,10,5,5,1,2,3,2,2,2,2,8,4,3,0
43,1,1,4,12,8,1,2,2,2,2,1,2,8,4,8,0
45,0,3,5,3,5,1,1,3,1,1,2,2,8,4,2,0
33,1,2,3,12,12,8,2,3,1,1,2,1,0,0,4,0
51,1,1,2,12,12,1,1,3,1,2,2,1,0,0,10,0
34,0,1,6,12,7,5,2,3,1,1,2,1,0,0,3,0
28,1,1,3,12,12,4,2,2,1,1,2,1,0,0,1,1
35,0,1,1,16,16,1,1,3,1,1,2,1,0,1,4,0
61,1,1,4,18,12,1,2,3,2,1,1,2,8,4,12,1
35,0,1,2,16,18,1,2,3,2,1,1,1,0,2,1,1
66,0,1,2,12,13,1,3,2,4,1,2,1,0,0,12,0
43,1,1,0,16,5,1,1,3,1,2,1,2,8,4,4,0
60,1,1,2,20,18,1,3,3,3,2,1,1,0,4,12,1
64,0,1,2,14,12,3,3,3,1,1,2,1,0,0,4,0
34,1,3,6,12,12,5,1,2,1,2,1,1,0,0,7,0
60,1,1,3,10,12,1,2,2,2,2,1,1,0,2,5,0
34,1,1,1,14,14,1,2,3,2,1,2,1,0,0,5,0
31,0,1,2,12,12,5,2,3,2,1,2,1,0,0,9,0
24,1,1,3,16,12,8,2,3,2,2,1,1,1,2,12,0
64,0,3,5,8,8,1,3,2,4,1,1,1,0,0,7,1
38,0,1,1,12,12,5,2,2,1,1,1,1,0,0,4,0
56,1,1,3,10,12,1,2,2,2,1,1,1,0,2,11,0
60,0,1,6,6,12,1,2,3,2,1,2,1,0,0,3,1
27,1,1,1,12,18,8,2,5,1,1,2,1,0,0,6,0
25,0,1,2,14,12,4,2,3,2,1,2,1,0,0,1,0
38,1,3,2,5,12,1,2,3,2,1,1,1,1,2,5,0
71,0,3,3,8,12,1,3,3,1,1,2,1,0,2,5,1
73,1,1,1,12,12,5,2,2,2,1,2,1,0,1,11,0
61,0,1,2,12,10,5,3,2,3,2,1,1,0,4,8,1
30,0,1,3,3,6,1,3,2,4,2,2,2,8,4,10,0
66,0,1,9,12,11,7,2,2,2,1,1,1,1,3,7,1
53,0,1,3,12,15,1,1,4,1,1,2,1,0,2,5,0
41,1,1,2,20,16,1,2,4,1,2,1,1,0,0,8,1
56,0,1,3,16,16,1,3,4,1,1,2,1,0,2,7,1
26,0,1,1,20,16,1,2,1,2,2,1,1,0,0,5,1
39,1,1,3,12,10,1,2,1,1,1,1,1,0,3,9,1
60,0,1,4,16,16,1,2,4,2,2,1,1,0,2,5,1
56,1,1,4,19,18,1,3,3,1,1,2,1,0,0,2,1
62,0,1,2,16,18,1,3,4,1,1,2,1,0,0,9,1
48,0,1,1,12,16,5,3,1,4,1,2,1,0,0,9,0
44,0,1,6,13,15,1,1,2,1,2,2,1,0,0,6,1
55,1,1,4,12,12,1,2,4,2,1,2,1,0,0,7,1
21,1,1,1,20,16,1,3,4,3,2,1,1,0,1,2,0
24,1,1,2,16,16,1,3,4,3,1,1,1,0,3,5,1
36,1,1,4,15,14,3,1,3,1,1,1,1,0,0,4,0
29,1,1,2,16,16,2,2,2,2,1,2,1,0,2,7,1
66,0,3,6,8,8,8,1,3,1,1,1,1,0,0,2,0
33,0,1,2,18,16,1,1,3,1,1,2,1,0,0,5,1
58,1,1,3,12,12,4,1,5,1,1,1,1,0,4,11,0
76,0,1,3,12,7,1,1,3,1,1,2,1,8,4,6,0
46,1,1,2,12,10,1,2,2,2,1,2,1,0,0,4,0
30,0,1,5,12,16,5,2,2,2,1,2,1,0,0,6,0
49,0,1,5,16,12,4,2,4,2,1,2,1,0,0,8,1
51,1,1,1,14,14,1,2,3,2,1,1,1,0,0,8,0
63,1,1,1,12,12,1,2,2,1,1,2,1,0,2,10,0
39,1,1,0,12,12,1,2,3,1,1,1,1,0,0,10,0
69,0,3,4,8,12,1,3,2,4,1,2,1,0,0,12,0
24,1,1,3,8,13,1,2,3,2,1,2,1,1,0,2,0
42,0,3,6,3,6,1,2,1,2,2,2,2,8,4,2,0
30,1,3,2,3,3,1,2,2,2,2,1,2,8,4,8,0
32,0,1,3,4,0,8,2,2,2,2,1,2,8,4,7,0
41,0,3,7,12,2,5,2,1,2,2,2,2,8,4,6,0
67,0,1,6,6,6,1,2,2,2,1,2,1,2,4,9,0
28,0,1,3,16,16,1,2,4,2,1,1,1,0,3,5,0
60,0,3,8,8,8,1,2,2,2,1,1,1,1,4,5,1
51,0,1,3,18,14,1,2,3,1,1,2,2,0,0,2,0
32,1,1,2,20,14,1,3,3,4,2,2,1,0,0,12,0
28,1,2,3,12,12,1,3,3,4,1,1,1,0,0,4,0
59,1,1,1,6,12,1,2,3,2,1,2,1,0,2,12,0
38,0,1,6,9,9,1,3,2,4,2,2,2,8,4,5,0
70,0,1,4,12,15,3,1,4,1,1,1,1,0,2,5,0
36,1,2,9,12,12,7,2,3,1,1,1,1,0,0,8,0
29,1,1,3,12,7,5,2,2,2,1,1,1,8,4,7,1
59,1,3,8,0,0,0,2,1,2,2,2,2,8,4,9,0
42,0,3,7,12,1,5,3,1,4,1,2,2,8,4,5,0
60,1,3,8,12,12,7,2,2,2,1,1,1,0,4,3,0
56,1,1,11,7,9,1,1,3,1,1,1,1,1,2,2,0
34,1,1,4,12,14,8,1,3,1,2,2,1,1,2,12,1
32,0,1,1,12,14,5,2,5,2,1,2,1,0,2,4,1
22,0,2,8,12,18,5,2,1,1,1,2,1,0,0,5,0
35,0,3,5,15,11,3,2,2,2,2,2,1,0,0,1,0
22,0,2,10,12,12,1,1,3,1,1,2,1,0,2,8,0
25,0,1,7,12,12,4,2,1,1,1,2,1,0,1,3,0
44,1,3,2,12,12,3,2,3,2,1,2,1,0,2,8,0
66,0,3,5,12,12,1,2,4,2,1,2,1,0,2,3,0
44,1,3,5,12,11,5,2,1,2,1,2,1,2,4,3,0
47,1,3,8,0,0,1,2,3,2,2,2,2,8,4,11,0
21,1,1,3,12,12,2,2,3,1,1,2,1,0,0,10,0
43,0,1,12,0,0,1,2,1,2,2,2,2,8,4,9,0
51,1,1,3,12,12,7,1,2,1,1,2,1,0,0,3,0
67,0,1,1,12,12,1,3,4,1,1,2,1,0,3,10,0
71,1,1,5,6,12,1,2,2,2,1,2,1,0,2,1,0
85,0,1,2,12,12,1,2,3,2,2,2,1,0,0,8,1
72,0,1,2,11,12,1,1,2,1,1,2,1,0,0,9,1
51,0,3,3,7,13,1,3,4,4,1,2,1,0,1,5,0
81,1,3,12,0,0,1,2,2,2,1,1,1,1,2,12,0
60,0,1,7,16,12,4,3,4,3,1,2,1,0,4,5,0
56,0,1,3,12,12,1,3,2,1,1,2,1,0,0,10,1
55,0,1,4,12,14,5,2,3,2,1,2,1,0,3,10,1
49,1,1,2,13,14,1,1,3,1,1,2,1,0,0,4,0
64,0,1,2,12,12,1,2,3,2,2,2,1,0,0,5,0
29,0,3,4,12,13,1,3,2,4,1,1,1,1,3,3,1
46,0,1,2,14,12,1,2,3,1,2,1,1,0,1,6,1
41,0,1,4,13,12,1,2,2,1,1,2,1,0,2,9,1
25,1,1,1,12,12,1,2,2,2,1,2,1,0,0,6,1
73,1,1,3,17,17,1,3,2,1,2,2,1,0,1,5,0
74,1,1,8,12,12,1,2,3,2,2,2,1,0,0,4,0
53,0,1,3,12,10,1,2,4,2,2,1,1,1,4,5,0
49,0,1,3,15,11,3,2,3,1,1,2,1,0,1,12,0
69,1,1,2,12,12,1,2,3,2,1,2,1,0,2,4,0
55,1,1,1,12,12,1,3,2,1,1,2,1,0,2,10,1
51,1,1,1,16,20,1,3,2,1,1,2,1,0,0,12,0
68,1,1,1,12,12,1,2,3,1,1,2,1,0,0,7,0
66,0,1,7,8,12,1,2,2,2,2,2,1,0,2,4,0
63,1,3,2,8,12,1,1,3,1,1,1,1,1,4,7,1
57,1,1,4,12,12,1,2,5,2,1,2,1,0,0,5,0
44,1,1,0,18,14,1,3,5,4,1,1,1,0,0,1,1
26,0,2,2,14,12,4,2,1,1,1,2,1,0,0,5,1
44,1,1,1,16,13,1,1,3,1,2,1,1,0,0,12,1
58,0,1,7,12,12,3,3,1,4,1,1,1,0,0,4,1
41,0,1,2,12,14,3,2,3,2,1,2,1,0,0,4,0
24,1,1,2,16,16,1,2,4,1,1,2,1,0,0,3,1
28,0,1,1,10,16,3,3,3,1,1,2,1,0,0,4,0
36,0,1,2,12,19,5,3,2,4,1,2,1,0,0,9,1
34,1,1,5,13,12,8,3,3,4,1,2,1,0,2,10,0
25,0,1,1,14,16,1,3,3,1,1,2,1,0,0,2,0
62,0,3,7,12,12,1,1,2,1,1,2,1,0,0,4,0
33,0,1,3,20,17,3,1,2,1,1,2,1,0,2,4,0
37,1,1,0,12,16,5,3,2,4,1,2,1,0,0,3,0
36,1,1,5,13,12,3,2,2,1,1,2,1,0,0,4,0
41,1,1,4,14,12,0,1,2,1,1,2,1,0,0,7,0
61,0,3,7,12,13,1,2,2,1,1,2,1,0,0,2,0
71,1,1,2,15,14,1,2,3,2,1,2,1,0,1,5,1
53,1,1,1,18,16,1,3,4,1,1,2,1,0,0,7,1
44,1,3,2,12,12,5,2,2,2,1,2,1,0,0,11,0
50,1,3,2,12,6,7,2,2,2,2,1,2,8,4,8,0
75,1,1,1,12,12,1,3,3,3,1,2,1,0,4,11,0
69,0,3,3,12,12,6,3,1,1,1,2,1,0,2,6,0
63,0,1,1,14,14,1,3,4,1,1,2,1,0,0,1,1
80,0,3,6,8,4,0,2,5,2,2,1,1,0,0,10,0
66,1,1,8,10,10,1,2,3,2,1,1,1,0,4,1,0
35,1,1,3,12,12,4,2,1,1,1,1,1,0,0,5,0
44,1,1,3,18,14,1,1,3,1,1,2,1,0,0,5,0
81,0,1,4,12,9,1,1,3,1,1,2,1,0,4,11,0
76,1,1,3,16,14,1,1,2,1,1,2,1,0,0,10,0
34,0,1,4,16,12,3,2,2,1,1,2,1,0,0,9,0
36,1,1,1,16,12,1,3,4,1,1,2,1,0,0,3,0
70,0,1,3,3,16,1,1,3,1,2,1,1,0,0,7,0
41,0,1,6,12,16,3,3,3,4,1,2,1,0,0,11,0
34,0,1,5,12,15,1,1,2,1,1,1,1,0,1,5,0
57,1,1,7,12,12,4,3,2,4,1,2,1,0,0,2,0
30,0,1,1,11,13,1,2,4,1,1,1,1,0,0,8,0
56,0,1,10,12,11,0,2,2,1,2,2,1,0,0,7,0
53,0,1,4,6,14,1,2,2,2,1,2,2,8,4,4,0
54,0,1,1,12,12,4,2,3,2,1,2,1,0,2,2,1
70,0,1,2,12,12,1,2,4,2,2,2,1,0,4,11,0
37,1,3,2,12,12,1,2,3,2,1,1,1,0,0,9,0
59,1,3,7,12,10,8,2,1,2,1,1,1,0,0,1,0
51,0,1,5,7,4,1,1,1,1,2,1,2,8,0,11,0
52,0,1,4,12,18,1,1,3,1,1,2,1,0,0,12,0
53,0,1,5,19,12,1,2,3,1,1,1,2,2,2,11,0
60,0,1,3,14,3,1,2,2,2,1,2,2,0,2,8,0
33,0,1,3,20,12,0,3,4,4,1,2,1,1,2,6,0
22,1,1,2,12,12,5,2,2,1,1,2,1,1,2,9,0
53,0,1,2,12,8,5,2,3,2,1,1,2,2,2,4,0
66,0,1,6,9,10,8,2,2,1,1,2,1,0,0,8,0
28,1,1,3,14,14,1,2,2,1,1,2,1,0,0,7,1
27,0,1,2,12,12,0,2,2,1,1,2,1,0,0,2,0
89,1,1,5,12,6,5,3,1,4,2,2,1,1,0,12,0
26,1,2,2,12,12,5,3,2,4,1,2,1,0,0,6,0
28,0,1,1,13,13,1,1,2,1,1,1,1,0,0,11,0
66,0,1,2,14,12,1,2,3,2,1,1,1,0,2,2,0
59,1,1,3,11,12,4,3,2,4,1,1,1,0,0,11,0
80,1,1,5,14,12,1,2,3,2,1,2,1,0,0,10,1
75,0,1,0,8,8,1,1,3,1,1,2,1,0,1,12,0
73,0,1,5,7,11,1,1,3,1,1,2,1,0,0,5,0
64,1,1,3,12,13,1,3,2,1,2,2,1,0,0,9,0
36,1,3,8,12,12,8,1,2,1,1,1,1,0,0,4,0
65,1,1,3,12,12,8,1,1,1,2,2,1,0,0,4,0
82,1,1,4,16,12,1,1,3,1,2,2,1,0,0,12,0
29,0,1,3,12,10,3,1,5,1,1,2,1,0,0,12,0
37,1,1,2,20,20,1,2,4,2,1,2,1,0,0,6,1
39,1,1,2,18,18,1,2,4,1,1,2,1,0,0,7,1
40,0,1,3,12,18,2,1,2,1,1,2,1,0,0,1,0
39,0,1,8,16,16,3,2,2,2,1,2,1,0,0,6,1
63,0,1,4,3,9,1,1,3,1,1,2,1,0,0,10,0
39,0,1,5,2,2,1,1,2,1,1,1,2,8,4,9,0
33,0,1,3,13,8,1,3,2,4,1,1,1,0,0,7,0
57,0,1,2,12,12,1,3,3,1,2,2,1,0,0,3,0
44,0,1,2,19,12,2,3,3,4,2,2,1,0,0,9,0
43,0,1,6,12,12,5,1,2,1,1,2,1,0,0,5,0
48,1,1,3,12,12,1,3,4,1,2,2,2,8,4,11,1
27,1,1,1,12,14,1,1,3,1,1,2,1,0,0,9,0
59,0,1,4,12,12,1,1,2,1,1,2,1,0,0,7,0
46,1,3,1,12,12,1,2,3,1,1,2,1,0,0,3,0
51,1,1,3,16,12,1,2,4,1,1,2,1,0,0,3,0
63,1,1,3,12,12,1,3,3,4,2,2,1,0,0,2,1
76,0,1,4,12,12,1,2,2,1,1,2,1,0,0,12,0
56,0,1,3,20,16,1,1,4,1,1,2,1,0,0,7,1
39,1,1,6,12,12,2,1,3,1,1,2,1,0,0,1,0
34,0,1,1,12,12,1,1,3,1,1,2,1,0,0,8,0
36,0,1,1,8,12,1,1,2,1,1,2,1,0,0,4,0
51,0,1,5,12,12,5,2,1,2,1,1,1,8,4,5,0
62,1,1,9,12,16,3,1,3,1,1,1,1,0,0,2,1
75,0,2,8,4,8,1,2,2,1,2,2,1,0,0,5,0
68,1,1,2,11,12,1,1,3,1,1,2,1,0,0,7,0
79,0,1,3,12,12,1,1,3,1,1,2,1,0,0,6,0
66,0,1,4,12,12,3,1,3,1,1,2,1,0,0,10,0
74,0,1,3,6,12,1,1,4,1,1,2,1,0,0,6,0
48,0,2,7,12,11,3,1,4,1,1,2,1,0,0,8,0
52,0,1,3,16,12,1,3,3,1,1,2,1,0,0,11,0
87,1,1,6,12,12,5,3,3,1,1,1,1,0,0,6,0
39,1,1,8,12,12,2,1,3,1,1,2,1,0,0,6,0
35,0,2,12,12,12,3,1,3,1,1,2,1,0,0,11,0
30,0,1,2,12,7,7,1,2,1,1,2,1,0,0,5,0
49,0,1,1,8,12,1,1,3,1,1,2,1,0,0,8,0
36,0,1,2,3,2,1,2,2,2,2,2,2,8,4,5,1
40,1,1,8,12,5,1,1,3,1,1,1,2,8,4,4,0
62,1,1,2,9,10,1,2,3,2,1,2,1,0,2,10,0
22,0,1,1,12,12,5,3,1,4,1,2,1,0,0,7,0
38,0,1,2,12,12,5,1,2,1,1,2,1,0,0,8,1
59,1,1,3,20,18,1,1,3,1,1,1,1,0,0,7,1
25,0,1,0,12,14,5,3,1,1,1,2,1,0,0,4,0
55,0,1,2,16,7,1,3,3,1,2,2,1,0,1,1,0
37,0,1,2,12,12,1,1,2,1,2,2,1,0,2,2,0
72,0,1,0,16,16,1,3,4,1,2,2,1,0,0,12,1
58,0,1,9,7,7,1,1,1,1,1,2,1,0,0,5,0
65,0,1,9,12,10,1,1,3,1,1,2,1,0,0,7,0
46,0,1,7,12,12,1,1,3,1,2,2,1,0,0,5,0
50,0,1,3,12,12,2,2,3,2,1,1,1,0,0,1,0
85,1,1,0,3,7,1,1,3,1,1,2,1,0,0,8,0
73,1,1,2,12,12,1,1,2,1,1,1,1,0,0,12,1
89,1,1,2,8,10,1,1,2,1,2,2,1,0,0,8,0
69,1,1,8,8,12,1,1,1,1,2,2,1,0,0,5,0
71,1,1,1,9,12,1,1,1,1,1,2,1,0,0,7,0
66,0,1,2,6,3,1,1,2,1,2,2,1,0,0,6,0
56,1,1,6,12,12,1,1,3,1,2,2,1,0,0,8,0
46,1,1,4,15,8,3,1,3,1,1,2,1,0,0,4,0
49,0,1,3,10,11,0,1,2,1,1,2,1,0,0,5,0
34,0,1,5,12,16,5,1,2,1,1,2,1,0,0,10,0
31,0,1,3,14,11,1,2,2,2,1,2,1,0,2,11,0
32,0,2,0,12,12,1,2,3,1,1,2,1,0,0,6,0
26,1,1,1,18,20,1,2,3,2,1,1,1,0,0,1,1
53,1,1,1,12,12,1,1,3,1,1,2,1,0,0,12,0
49,1,1,5,12,12,1,1,2,1,1,2,1,0,0,9,0
39,0,1,4,16,18,1,1,4,1,2,2,1,0,2,8,0
38,0,1,4,9,12,0,3,1,4,1,2,1,0,2,11,0
33,1,1,1,12,12,5,2,2,2,1,1,1,0,1,9,1
63,1,1,6,8,8,1,1,2,1,1,2,1,0,0,2,0
82,1,1,4,12,8,1,1,2,1,1,2,1,0,0,6,0
47,0,1,3,8,12,1,1,3,1,1,1,1,2,2,7,0
38,1,1,1,12,12,1,1,2,1,1,2,1,0,1,3,0
25,1,2,7,16,16,3,1,4,1,1,1,1,0,1,9,0
55,0,2,9,12,12,5,2,2,1,2,2,1,0,0,5,0
55,0,3,8,12,12,1,2,3,2,1,1,1,0,0,5,0
74,0,1,4,8,16,1,1,3,1,1,2,1,0,1,7,1
77,1,1,10,8,8,1,3,2,4,2,2,1,0,0,11,0
61,0,1,3,12,12,1,2,3,2,1,2,1,0,0,11,0
29,1,1,3,12,13,1,2,2,1,1,2,1,0,0,6,0
29,0,1,5,12,12,1,3,2,4,1,2,1,0,0,7,0
31,0,3,2,12,13,3,2,3,12,1,1,1,0,0,10,0
37,0,1,0,16,12,4,1,4,1,1,2,1,0,0,9,0
74,1,1,1,12,8,1,3,3,1,1,2,1,0,2,11,0
80,0,1,5,10,12,1,2,3,1,2,2,1,0,2,8,0
78,0,1,6,8,8,1,1,4,1,2,2,1,0,4,2,0
59,1,1,8,6,8,1,2,2,1,2,2,1,0,1,10,0
39,0,1,4,10,9,3,1,1,1,1,2,1,0,0,3,0
59,1,1,3,12,12,1,1,1,1,1,2,1,0,0,5,0
52,1,1,4,12,12,1,3,1,1,2,1,1,0,2,8,0
44,0,1,2,12,20,5,2,1,1,1,1,1,0,0,12,1
36,0,1,3,12,12,1,2,3,1,1,2,1,0,0,3,0
83,1,1,7,12,12,4,2,2,2,1,2,1,0,0,5,0
47,0,1,2,12,14,1,3,2,1,1,2,1,0,0,5,0
65,1,1,2,12,12,1,2,3,1,1,2,1,0,0,7,0
37,1,1,2,12,12,1,2,3,2,1,2,1,0,0,7,0
56,0,1,1,16,12,1,2,3,1,2,2,1,0,0,2,1
40,1,1,1,12,12,1,2,3,2,1,2,1,0,0,4,0
39,1,1,1,16,16,1,3,4,1,2,2,1,0,0,8,1
30,0,1,4,12,12,3,2,4,1,1,2,1,0,0,5,1
29,1,3,8,12,12,1,2,3,9,2,1,2,8,0,2,1
24,0,3,1,16,16,1,3,4,4,1,1,2,8,4,5,0
59,0,1,5,12,9,0,2,2,1,2,2,1,0,0,2,0
44,1,1,4,12,12,3,2,2,1,1,2,1,0,0,5,0
59,1,2,8,12,18,1,2,5,2,1,1,1,0,0,9,1
39,1,1,1,12,12,5,3,1,4,2,2,1,0,0,7,1
72,0,1,9,8,12,3,2,4,2,2,2,1,0,0,4,0
56,0,1,5,12,12,0,2,2,1,1,2,1,0,0,4,0
36,0,1,2,11,12,2,2,2,2,1,2,1,0,0,4,0
82,1,1,6,9,12,1,2,3,1,2,2,1,0,0,9,0
35,0,1,2,12,12,0,2,3,2,1,2,1,0,1,12,0
37,1,1,1,11,14,1,2,2,1,1,2,1,0,0,5,0
62,1,1,5,12,12,1,2,3,2,1,2,1,0,0,12,0
33,0,1,7,12,11,3,2,5,1,1,2,1,0,1,8,1
25,1,1,2,12,12,1,3,2,4,1,2,1,0,0,3,0
40,0,1,1,16,16,1,1,4,1,1,2,1,0,0,12,0
63,0,1,1,17,12,1,2,2,1,2,2,1,0,2,6,0
50,0,1,1,14,13,1,3,4,4,2,2,1,0,0,5,1
71,1,1,1,12,12,1,2,3,1,2,2,1,0,1,10,0
77,1,1,6,4,3,1,2,2,1,2,1,1,0,0,2,0
33,1,1,1,12,12,1,2,3,1,1,1,1,0,0,4,0
54,1,1,8,12,11,5,2,2,1,1,2,1,0,0,7,0
41,1,1,4,12,14,5,2,3,1,1,2,1,0,1,3,0
51,1,1,4,12,12,1,3,3,1,1,2,1,0,0,7,1
42,0,1,3,12,12,1,2,3,5,2,2,1,0,0,4,0
73,1,1,5,11,10,1,2,2,2,1,2,1,0,2,8,0
23,1,1,2,14,13,1,3,2,1,1,2,1,0,0,7,0
57,1,1,2,12,12,1,2,3,1,2,2,1,0,2,6,0
65,1,1,3,9,12,0,2,3,2,1,1,1,0,0,2,1
58,1,3,3,0,0,1,2,2,2,2,2,2,8,4,1,0
59,1,1,1,10,12,1,2,3,2,1,2,1,0,1,10,0
27,0,1,0,14,14,1,2,3,2,1,2,1,0,0,7,1
29,1,1,1,18,13,1,2,3,1,1,2,1,0,1,11,1
32,0,1,1,12,12,5,2,2,2,1,2,1,0,0,5,0
32,1,1,13,14,12,2,1,2,1,1,2,1,0,0,8,0
27,1,3,1,10,12,1,2,3,1,1,2,1,0,0,8,0
40,0,1,2,12,12,5,2,3,1,1,2,1,0,1,11,0
30,0,1,4,12,12,0,1,3,1,1,1,1,0,0,4,1
68,0,1,3,12,12,5,2,3,2,1,1,1,2,4,1,0
47,0,1,2,11,11,1,2,3,1,1,1,1,0,0,6,1
51,1,1,10,9,10,1,2,3,2,1,2,1,0,0,6,0
56,0,1,3,12,10,1,2,2,1,2,2,1,0,0,5,0
70,1,1,2,6,12,1,1,2,1,1,1,1,0,0,8,0
80,1,3,3,12,12,1,1,1,1,1,2,1,0,0,10,0
53,0,1,4,7,12,1,2,2,1,1,2,1,0,0,8,0
79,1,1,7,8,12,4,3,3,1,1,2,1,0,0,2,0
57,0,1,5,8,12,1,1,2,1,1,2,1,0,0,2,0
59,0,1,2,12,13,5,3,3,1,1,2,1,0,0,2,0
61,0,1,3,12,12,1,1,2,1,1,2,1,0,0,9,0
45,1,1,4,12,12,2,3,2,1,1,2,1,0,0,11,0
66,1,1,13,0,0,1,1,3,1,2,2,1,0,0,4,0
55,0,1,3,8,8,1,1,2,1,2,2,1,0,0,12,0
60,0,1,2,12,13,5,3,2,1,1,2,1,0,0,11,0
79,0,1,4,12,12,1,1,2,1,1,2,1,0,0,5,0
55,1,1,1,8,12,1,1,3,1,1,2,1,0,0,6,0
48,0,1,1,12,11,5,3,3,4,1,2,1,0,0,12,0
56,0,1,5,12,8,5,2,2,1,1,2,1,0,0,3,0
66,1,1,2,12,12,1,2,3,1,1,2,1,0,0,7,0
30,0,1,5,12,12,1,2,3,2,1,2,1,0,0,3,1
21,0,1,8,12,12,3,1,1,1,1,2,1,0,0,10,0
29,1,1,2,12,14,1,1,3,1,1,2,1,0,0,10,0
81,0,1,11,12,8,1,1,1,1,2,2,1,0,0,3,0
57,0,1,2,12,8,1,3,3,4,1,2,1,0,0,6,0
37,1,1,1,11,12,1,1,2,1,1,2,1,0,0,10,0
77,1,1,7,7,6,1,1,3,1,1,2,1,0,0,3,0
67,1,2,12,0,0,1,2,1,2,1,2,1,0,0,5,0
34,0,3,6,6,0,1,3,1,4,2,1,2,8,4,5,0
24,0,2,2,14,16,1,2,3,1,1,2,1,0,0,2,1
21,0,3,5,14,12,1,1,3,1,1,1,1,2,4,12,0
30,1,3,1,0,12,6,3,4,4,1,2,2,8,4,1,0
28,0,2,7,12,16,5,2,3,1,1,2,1,0,0,11,0
22,0,2,4,12,11,5,1,2,1,1,2,1,0,0,4,0
84,1,2,12,12,7,1,1,1,1,2,2,1,0,0,9,0
65,1,1,4,8,8,1,1,3,1,1,2,1,0,0,7,0
74,1,1,1,6,12,4,1,3,1,1,2,1,0,0,9,0
89,0,1,7,3,3,1,1,1,1,2,2,1,0,0,3,0
46,1,2,2,12,12,5,1,1,1,1,2,1,0,0,8,0
74,0,1,3,12,12,1,1,4,1,2,2,1,0,0,6,0
34,0,1,2,12,11,5,1,3,1,1,2,1,0,0,4,0
34,0,2,0,12,9,1,1,2,1,2,2,1,0,0,2,0
64,0,2,12,12,12,1,1,2,1,2,2,1,0,0,9,0
40,0,1,2,12,12,1,1,4,1,1,2,1,0,0,12,0
56,1,2,8,12,11,7,2,3,1,1,2,1,0,0,6,0
26,0,2,4,12,12,5,2,2,1,1,2,1,0,0,1,0
64,1,1,5,12,8,5,1,3,1,1,2,1,0,0,10,0
68,0,1,4,12,12,1,2,3,2,1,2,1,0,0,11,1
30,0,1,2,12,12,5,1,2,1,1,2,1,0,0,11,0
41,0,1,3,9,12,1,1,3,1,1,2,1,0,0,1,0
22,1,2,12,12,12,5,2,3,1,1,2,1,0,0,8,0
66,0,1,7,12,20,5,1,1,1,1,2,1,0,0,2,0
35,0,1,7,10,4,1,1,1,1,2,2,1,0,0,1,0
43,1,1,5,9,10,1,1,2,1,1,2,1,0,0,9,0
48,0,1,2,12,12,5,1,3,1,1,2,1,0,0,11,0
34,1,3,9,2,0,1,2,1,2,2,2,2,8,4,8,0
60,1,1,9,16,12,1,1,5,1,1,2,1,0,0,3,0
52,0,1,3,12,12,7,1,2,1,1,2,1,0,0,10,0
37,0,2,7,12,20,5,3,3,4,2,2,1,0,0,7,0
25,0,2,4,12,12,5,1,3,1,1,2,1,0,0,6,0
41,0,2,3,12,12,3,1,3,1,1,2,1,0,0,9,0
41,1,2,5,12,12,5,1,2,1,1,2,1,0,0,10,0
77,0,2,11,5,0,1,1,2,1,1,2,1,0,0,6,0
23,0,2,5,12,12,5,1,3,1,1,2,1,0,0,2,0
53,0,2,13,12,6,5,1,1,1,1,2,1,0,0,10,0
30,1,2,7,12,16,5,1,3,1,1,1,1,0,0,1,0
21,0,2,5,12,12,7,3,1,4,1,2,1,0,0,4,0
75,1,2,5,12,12,7,3,4,4,1,2,1,0,0,7,0
77,1,2,9,12,12,1,1,2,1,1,2,1,0,0,11,0
68,1,2,8,12,9,1,1,3,1,2,2,1,0,0,1,0
28,0,2,1,12,16,3,1,3,1,1,2,1,0,0,5,0
66,1,1,7,12,12,1,1,2,1,2,2,1,0,0,10,0
52,1,2,23,12,5,5,1,1,1,1,2,1,0,0,6,0
40,1,1,1,12,12,1,1,3,1,1,2,1,0,0,4,0
31,0,2,16,12,14,1,1,4,1,1,1,1,0,0,7,0
32,1,2,6,12,12,5,1,2,1,1,2,1,0,0,4,0
53,0,2,4,12,12,5,2,3,1,1,2,1,0,0,7,0
78,1,2,6,12,12,5,2,2,1,1,2,1,0,0,12,0
54,1,1,2,11,12,1,1,2,1,1,2,1,0,0,3,0
25,0,1,7,14,16,1,1,3,1,1,2,1,0,0,4,0
53,0,1,8,12,12,5,3,1,1,1,2,1,0,0,8,0
54,0,1,2,8,12,1,2,3,2,1,2,1,0,0,7,0
26,1,1,1,12,12,1,3,4,4,1,2,1,0,0,4,0
75,1,1,11,12,12,1,2,3,1,2,2,1,0,0,11,0
56,1,1,2,12,12,1,3,3,4,1,2,1,0,0,11,1
36,0,1,2,16,14,1,2,3,2,1,1,1,0,2,12,1
52,0,1,2,12,6,5,3,1,4,2,2,1,0,0,5,0
68,1,2,7,12,12,1,3,3,4,1,2,1,0,0,4,0
67,1,2,10,9,9,1,3,2,4,2,2,1,0,0,8,0
53,1,1,3,12,11,1,2,3,1,2,2,1,0,0,6,1
43,0,1,1,12,12,1,2,1,1,2,2,1,0,0,4,0
38,0,1,1,16,16,1,2,3,2,1,2,1,1,2,4,1
68,0,1,5,11,11,1,3,3,1,1,2,1,0,0,1,0
57,0,1,3,16,16,1,3,3,1,1,2,1,0,0,12,1
39,1,1,3,12,11,5,3,2,4,1,2,1,0,0,4,0
66,1,1,2,20,12,1,3,2,1,2,2,1,1,0,8,1
74,1,1,3,12,16,1,3,3,1,1,2,1,0,1,12,1
39,0,1,1,13,12,4,3,2,1,1,2,1,0,1,9,0
50,1,1,3,12,11,1,2,3,11,1,1,1,0,0,9,0
74,0,1,2,12,15,1,3,2,1,1,2,1,0,0,4,0
35,0,1,1,16,14,1,1,4,1,1,2,1,0,0,5,1
76,1,1,3,12,12,1,2,3,1,1,1,1,0,0,10,1
65,0,1,1,12,12,1,2,3,2,1,2,1,0,4,2,1
54,0,1,7,14,12,1,2,3,2,1,2,1,0,1,5,1
25,0,1,1,14,14,1,2,4,2,1,2,1,0,0,2,1
87,0,1,5,12,8,1,3,2,4,2,2,1,0,0,11,0
46,0,1,2,12,12,4,3,2,1,1,1,1,0,2,12,0
29,0,1,1,10,16,1,2,2,5,1,1,1,1,4,6,0
89,1,1,6,6,12,4,2,2,1,1,2,1,0,1,9,0
68,0,1,4,12,14,1,3,1,1,1,2,1,0,0,2,0
37,0,1,9,12,13,3,2,3,2,1,2,1,0,1,5,0
75,0,1,9,8,8,1,3,2,4,2,2,1,0,0,9,0
67,0,1,3,12,14,1,1,2,1,1,2,1,0,2,5,0
72,1,1,1,14,12,1,2,4,1,1,2,1,0,0,2,0
79,0,1,10,8,8,1,2,3,2,2,2,1,1,2,3,0
