topic,top_words,student,label,description,coherent,notes
1,"federal, administration, congress, government, act, reform, legislation, rights, civil, agencies",,,,,
2,"tax, jobs, economy, american, people, workers, americans, families, business, businesses",,,,,
3,"people, world, america, freedom, human, nation, peace, rights, opportunity, free",,,,,
4,"america, american, nation, people, country, americans, day, tonight, history, ago",,,,,
5,"land, water, public, lands, national, development, resources, construction, projects, river",,,,,
6,"energy, oil, research, space, development, resources, technology, clean, program, natural",,,,,
7,"united, international, american, government, conference, china, nations, powers, agreement, treaty",,,,,
8,"dollars, expenditures, fiscal, government, tax, debt, billion, million, budget, increase",,,,,
9,"law, government, court, power, public, laws, corporations, courts, control, business",,,,,
10,"world, peace, war, nations, free, united, freedom, people, nation, peoples",,,,,
11,"crime, america, country, people, fight, iraq, terrorists, drug, protect, drugs",,,,,
12,"congress, legislation, action, session, commission, act, recommendations, message, report, bill",,,,,
13,"health, care, security, social, insurance, system, benefits, medical, veterans, americans",,,,,
14,"people, nation, country, government, individual, conditions, industrial, life, business, means",,,,,
15,"government, united, people, islands, american, canal, panama, time, philippine, cuba",,,,,
16,"service, department, tariff, government, system, office, executive, law, country, board",,,,,
17,"system, banks, business, financial, national, credit, government, country, economic, money",,,,,
18,"education, children, school, schools, child, students, college, parents, people, welfare",,,,,
19,"soviet, nuclear, defense, military, security, world, union, forces, peace, united",,,,,
20,"production, prices, farm, price, farmers, agriculture, agricultural, inflation, economic, food",,,,,
21,"congress, president, people, american, time, tonight, house, americans, country, speaker",,,,,
22,"labor, public, wage, transportation, industry, act, employees, conditions, government, management",,,,,
23,"trade, world, nations, countries, economic, american, international, united, foreign, america",,,,,
24,"program, programs, federal, local, development, assistance, housing, rural, provide, administration",,,,,
25,"war, navy, army, forces, military, officers, time, service, ships, naval",,,,,
26,"government, people, national, responsibility, policy, federal, private, local, nation, support",,,,,
27,"percent, budget, billion, million, spending, rate, federal, 2, increase, 1",,,,,
